,"Title","ID","Created Date","Updated Date","Owner","State","Name of Representative","Address","Party"
,"f502e709-a8fe-4368-bff7-55056bf668fc","2025-04-09T12:20:22Z","2025-04-09T12:20:22Z","d50ecbb2-6384-4cad-a7f8-ae0d593a971e","1st Alabama","Jerry Carl (R)","3530 Independence Drive, Mobile, Alabama 36608","R"
,"253b62cb-605b-4868-9915-5656873e6e2c","2025-04-09T12:20:22Z","2025-04-09T12:20:22Z","d50ecbb2-6384-4cad-a7f8-ae0d593a971e","2nd Alabama","Barry Moore (R)","5761 Carmichael Parkway, Montgomery, Alabama 36117","R"
,"2e2df1fc-2896-47a1-bbb7-0e9a4376ceda","2025-04-09T12:20:22Z","2025-04-09T12:20:22Z","d50ecbb2-6384-4cad-a7f8-ae0d593a971e","3rd Alabama","Mike Rogers (R)","1129 7th Avenue NE, Jacksonville, Alabama 36265","R"
,"6bc2e182-6301-4a4c-95ea-5ed9287af602","2025-04-09T12:20:22Z","2025-04-09T12:20:22Z","d50ecbb2-6384-4cad-a7f8-ae0d593a971e","4th Alabama","Robert Aderholt (R)","247 Carl Elliott Federal Building, 1710 Alabama Avenue, Jasper, Alabama 35501","R"
,"74028155-4597-4efd-8452-8b70ef2a5943","2025-04-09T12:20:22Z","2025-04-09T12:20:22Z","d50ecbb2-6384-4cad-a7f8-ae0d593a971e","5th Alabama","Dale Strong (R)","1011 George Wallace Boulevard, Suite 101, Tuscumbia, Alabama 35674","R"
,"6fed3ac6-3f44-4b1b-bd43-1c4532296f92","2025-04-09T12:20:22Z","2025-04-09T12:20:22Z","d50ecbb2-6384-4cad-a7f8-ae0d593a971e","6th Alabama","Gary Palmer (R)","3535 Grandview Parkway, Suite 525, Birmingham, Alabama 35243","R"
,"bc2ad4a9-e9bf-47b5-832e-2fef614fa32b","2025-04-09T12:20:22Z","2025-04-09T12:20:22Z","d50ecbb2-6384-4cad-a7f8-ae0d593a971e","7th Alabama","Terri Sewell (D)","Two 20th Street North, Suite 1130, Birmingham, Alabama 35203","D"
,"57c4b87c-3a5a-4259-88cd-69c48c71a54d","2025-04-09T12:20:22Z","2025-04-09T12:20:22Z","d50ecbb2-6384-4cad-a7f8-ae0d593a971e","Alaska","Mary Peltola (D-AL)","3701 Airport Way, Suite 1, Fairbanks, Alaska 99709","D"
,"1a446f20-423f-4ce5-84c6-3cb92776c72a","2025-04-09T12:20:22Z","2025-04-09T12:20:22Z","d50ecbb2-6384-4cad-a7f8-ae0d593a971e","American Samoa","Aumua Amata Coleman Radewagen (R-AL)","A.P. Lutali Executive Office Building, 2nd Floor, Pago Pago, American Samoa 96799","R"
,"c7e558fc-e188-4f95-bd95-e67669d9ee35","2025-04-09T12:20:22Z","2025-04-09T12:20:22Z","d50ecbb2-6384-4cad-a7f8-ae0d593a971e","1st Arizona","David Schweikert (R)","7047 East Greenway Parkway, Suite 250, Scottsdale, Arizona 85254","R"
,"6e73fe06-409e-4ad9-bb8b-908ff1abcf80","2025-04-09T12:20:22Z","2025-04-09T12:20:22Z","d50ecbb2-6384-4cad-a7f8-ae0d593a971e","2nd Arizona","Eli Crane (R)","1490 North Highway 89, Suite A, Prescott, Arizona 86301","R"
,"c60ca7cf-43c9-4de8-ac1d-a83a86488f16","2025-04-09T12:20:22Z","2025-04-09T12:20:22Z","d50ecbb2-6384-4cad-a7f8-ae0d593a971e","3rd Arizona","Vacant (D-3) [Ruben Gallego Resigned - Senator]","2201 East Camelback Road, Suite 115, Phoenix, Arizona 85016","D"
,"bb0c31e1-e4a0-4866-80f0-52dd087950ab","2025-04-09T12:20:22Z","2025-04-09T12:20:22Z","d50ecbb2-6384-4cad-a7f8-ae0d593a971e","4th Arizona","Greg Stanton (D)","2944 North 44th Street, Suite 150, Phoenix, Arizona 85018","D"
,"a7b874ad-c5cd-4a7c-a9dd-9ab169311be1","2025-04-09T12:20:22Z","2025-04-09T12:20:22Z","d50ecbb2-6384-4cad-a7f8-ae0d593a971e","5th Arizona","Andy Biggs (R)","2509 South Power Road, Suite 204, Mesa, Arizona 85209","R"
,"d03324c0-a45d-4203-a746-571f6dd7ff03","2025-04-09T12:20:22Z","2025-04-09T12:20:22Z","d50ecbb2-6384-4cad-a7f8-ae0d593a971e","6th Arizona","Juan Ciscomani (R)","1601 North Tucson Boulevard, Suite 1, Tucson, Arizona 85716","R"
,"6d1310a8-d9f1-4ff3-83b4-397875482a1d","2025-04-09T12:20:22Z","2025-04-09T12:20:22Z","d50ecbb2-6384-4cad-a7f8-ae0d593a971e","7th Arizona","Raúl Grijalva (D)","1300 South 4th Avenue, Suite 100, Yuma, Arizona 85364","D"
,"8ed02797-bd2f-4fc3-b407-0477f91fad11","2025-04-09T12:20:22Z","2025-04-09T12:20:22Z","d50ecbb2-6384-4cad-a7f8-ae0d593a971e","8th Arizona","Debbie Lesko (R)","12515 West Bell Road, Suite 101, Surprise, Arizona 85378","R"
,"f373ce18-9b1d-46e9-98c8-ef59d553a39c","2025-04-09T12:20:22Z","2025-04-09T12:20:22Z","d50ecbb2-6384-4cad-a7f8-ae0d593a971e","9th Arizona","Paul Gosar (R)","220 North 4th Street, Kingman, Arizona 86401","R"
,"b8093f51-f743-40d8-b603-9eb5ad269420","2025-04-09T12:20:22Z","2025-04-09T12:20:22Z","d50ecbb2-6384-4cad-a7f8-ae0d593a971e","1st Arkansas","Rick Crawford (R)","112 South 1st Street, Cabot, Arkansas 72023","R"
,"03c19ad9-0110-47a7-af7f-0d78e51fa26a","2025-04-09T12:20:22Z","2025-04-09T12:20:22Z","d50ecbb2-6384-4cad-a7f8-ae0d593a971e","2nd Arkansas","French Hill (R)","1105 Deer Street, Suite 12, Conway, Arkansas 72032","R"
,"157ccbca-518d-4904-948e-a38a00e53411","2025-04-09T12:20:22Z","2025-04-09T12:20:22Z","d50ecbb2-6384-4cad-a7f8-ae0d593a971e","3rd Arkansas","Steve Womack (R)","3333 South Pinnacle Hills Parkway, Suite 120, Rogers, Arkansas 72758","R"
,"1d2eb805-4401-4f0c-a184-f33e631ce5a2","2025-04-09T12:20:22Z","2025-04-09T12:20:22Z","d50ecbb2-6384-4cad-a7f8-ae0d593a971e","4th Arkansas","Bruce Westerman (R)","101 Reserve Street, Suite 200, Hot Springs, Arkansas 71901","R"
,"0224db6b-5b67-4e1f-be68-51c12681c0e5","2025-04-09T12:20:22Z","2025-04-09T12:20:22Z","d50ecbb2-6384-4cad-a7f8-ae0d593a971e","1st California","Doug LaMalfa (R)","1410 2nd Street, Chico, California 95928","R"
,"8b06ef06-94a2-4d85-a70d-300e49a35dda","2025-04-09T12:20:22Z","2025-04-09T12:20:22Z","d50ecbb2-6384-4cad-a7f8-ae0d593a971e","2nd California","Jared Huffman (D)","999 5th Avenue, Suite 290, San Rafael, California 94901","D"
,"861d561d-f7b1-4c93-9cb5-040b71b4048a","2025-04-09T12:20:22Z","2025-04-09T12:20:22Z","d50ecbb2-6384-4cad-a7f8-ae0d593a971e","3rd California","Kevin Kiley (R)","1000 Sunrise Avenue, Suite 2B, Roseville, California 95661","R"
,"47c5904e-2b8c-47ea-9e19-cd30115298ae","2025-04-09T12:20:22Z","2025-04-09T12:20:22Z","d50ecbb2-6384-4cad-a7f8-ae0d593a971e","4th California","Mike Thompson (D)","2300 County Center Drive, Suite A100, Santa Rosa, California 95403","D"
,"909bc50e-3ed6-4219-adbd-e03a804b4577","2025-04-09T12:20:22Z","2025-04-09T12:20:22Z","d50ecbb2-6384-4cad-a7f8-ae0d593a971e","5th California","Tom McClintock (R)","8789 Auburn Folsom Road, Suite B, Granite Bay, California 95746","R"
,"5082e5fb-ac14-423f-9931-48288cc153a9","2025-04-09T12:20:22Z","2025-04-09T12:20:22Z","d50ecbb2-6384-4cad-a7f8-ae0d593a971e","6th California","Ami Bera (D)","8950 Cal Center Drive, Building 3, Suite 100, Sacramento, California 95826","D"
,"d5db911d-b340-4f7f-875f-23ab48ba204c","2025-04-09T12:20:22Z","2025-04-09T12:20:22Z","d50ecbb2-6384-4cad-a7f8-ae0d593a971e","7th California","Doris Matsui (D)","501 I Street, Suite 12-600, Sacramento, California 95814","D"
,"cbf043fb-12f0-47c0-a089-de0130204a28","2025-04-09T12:20:22Z","2025-04-09T12:20:22Z","d50ecbb2-6384-4cad-a7f8-ae0d593a971e","8th California","John Garamendi (D)","4201 North Freeway Boulevard, Suite 1, Sacramento, California 95834","D"
,"0111a9fc-91c9-4d27-b43f-33d5a22c86c6","2025-04-09T12:20:22Z","2025-04-09T12:20:22Z","d50ecbb2-6384-4cad-a7f8-ae0d593a971e","9th California","Josh Harder (D)","4701 Old Redwood Highway, Suite 1A, Santa Rosa, California 95403","D"
,"50b0a805-e041-4894-8f1d-f6566e601bc0","2025-04-09T12:20:22Z","2025-04-09T12:20:22Z","d50ecbb2-6384-4cad-a7f8-ae0d593a971e","10th California","Mark DeSaulnier (D)","3100 Oak Road, Suite 110, Walnut Creek, California 94597","D"
,"36e2b3db-df8c-4c14-aee7-7be00d08ce6b","2025-04-09T12:20:22Z","2025-04-09T12:20:22Z","d50ecbb2-6384-4cad-a7f8-ae0d593a971e","11th California","Nancy Pelosi (D)","90 7th Street, Suite 2-800, San Francisco, California 94103","D"
,"ed5502f7-885d-4807-9585-9880f7b9ccf5","2025-04-09T12:20:22Z","2025-04-09T12:20:22Z","d50ecbb2-6384-4cad-a7f8-ae0d593a971e","12th California","Vacant (D-12) [Barbara Lee Resigned - Senate Run]","1301 Clay Street, Suite 1000N, Oakland, California 94612","D"
,"17f88a61-a5ce-4264-bd06-1addcb146bd0","2025-04-09T12:20:22Z","2025-04-09T12:20:22Z","d50ecbb2-6384-4cad-a7f8-ae0d593a971e","13th California","John Duarte (R)","3605 Long Beach Boulevard, Suite 300, Merced, California 95341","R"
,"ed8c4cb4-377b-4479-8fe1-66e68cebdde2","2025-04-09T12:20:22Z","2025-04-09T12:20:22Z","d50ecbb2-6384-4cad-a7f8-ae0d593a971e","14th California","Eric Swalwell (D)","20990 Redwood Road, Castro Valley, California 94546","D"
,"342762e4-a179-49cc-b05e-1228dd4d297d","2025-04-09T12:20:22Z","2025-04-09T12:20:22Z","d50ecbb2-6384-4cad-a7f8-ae0d593a971e","15th California","Kevin Mullin (D)","1528 South El Camino Real, Suite 302, San Mateo, California 94402","D"
,"99402bf1-187d-4dad-87c1-53eb303eeca9","2025-04-09T12:20:22Z","2025-04-09T12:20:22Z","d50ecbb2-6384-4cad-a7f8-ae0d593a971e","16th California","Anna Eshoo (D)","698 Emerson Street, Palo Alto, California 94301","D"
,"03da567f-41a6-4882-8dbf-f0faa93e98d0","2025-04-09T12:20:22Z","2025-04-09T12:20:22Z","d50ecbb2-6384-4cad-a7f8-ae0d593a971e","17th California","Ro Khanna (D)","3150 De La Cruz Boulevard, Suite 240, Santa Clara, California 95054","D"
,"1f2c3ecc-40b4-48bb-884c-2898e719fcf2","2025-04-09T12:20:22Z","2025-04-09T12:20:22Z","d50ecbb2-6384-4cad-a7f8-ae0d593a971e","18th California","Zoe Lofgren (D)","635 North 1st Street, Suite B, San Jose, California 95112","D"
,"74828a39-9818-45eb-b2d4-57ef210cc707","2025-04-09T12:20:22Z","2025-04-09T12:20:22Z","d50ecbb2-6384-4cad-a7f8-ae0d593a971e","19th California","Jimmy Panetta (D)","100 West Alisal Street, Salinas, California 93901","D"
,"7e1cea51-de05-4611-b100-70db39cec7ec","2025-04-09T12:20:22Z","2025-04-09T12:20:22Z","d50ecbb2-6384-4cad-a7f8-ae0d593a971e","20th California","Vince Fong (R)","1130 O Street, Suite 200, Fresno, California 93721","R"
,"f9d19689-1299-4426-b8d3-700e6697d981","2025-04-09T12:20:22Z","2025-04-09T12:20:22Z","d50ecbb2-6384-4cad-a7f8-ae0d593a971e","21st California","Jim Costa (D)","2085 East Shaw Avenue, Suite 101, Fresno, California 93710","D"
,"e5454131-1228-4755-b265-dfb9743c40eb","2025-04-09T12:20:22Z","2025-04-09T12:20:22Z","d50ecbb2-6384-4cad-a7f8-ae0d593a971e","22nd California","David Valadao (R)","107 South Douty Street, Hanford, California 93230","R"
,"15e44904-33b2-4168-a3a5-c95a4b5bd649","2025-04-09T12:20:22Z","2025-04-09T12:20:22Z","d50ecbb2-6384-4cad-a7f8-ae0d593a971e","23rd California","Jay Obernolte (R)","7238 Joshua Lane, Suite A, Yucca Valley, California 92284","R"
,"a18606ac-82bb-4c2c-a77d-1aba4a5f856f","2025-04-09T12:20:22Z","2025-04-09T12:20:22Z","d50ecbb2-6384-4cad-a7f8-ae0d593a971e","24th California","Salud Carbajal (D)","360 South Hope Avenue, Suite C-301, Santa Barbara, California 93105","D"
,"7736af15-b454-4199-8ef7-44adbeb7c39c","2025-04-09T12:20:22Z","2025-04-09T12:20:22Z","d50ecbb2-6384-4cad-a7f8-ae0d593a971e","25th California","Raul Ruiz (D)","43875 Washington Street, Suite F, Palm Desert, California 92211","D"
,"6c454140-fd4e-4bc7-9d0f-fe3daecf1ec0","2025-04-09T12:20:22Z","2025-04-09T12:20:22Z","d50ecbb2-6384-4cad-a7f8-ae0d593a971e","26th California","Julia Brownley (D)","201 East 4th Street, Suite 209B, Oxnard, California 93030","D"
,"b7e1-4e8e-9b7e-879e-8c6fadb9a8b1","2025-04-09T12:20:22Z","2025-04-09T12:20:22Z","d50ecbb2-6384-4cad-a7f8-ae0d593a971e","27th California","Mike Garcia (R)","1445 East Los Angeles Avenue, Suite 206, Simi Valley, California 93065","R"
,"e2a0-feda-44e2-4a2e-9f66-1c4096574f59","2025-04-09T12:20:22Z","2025-04-09T12:20:22Z","d50ecbb2-6384-4cad-a7f8-ae0d593a971e","28th California","Judy Chu (D)","415 South 1st Street, San Gabriel, California 91776","D"
,"9e8d-9b7e-05ea-4c4e-86891e205426","2025-04-09T12:20:22Z","2025-04-09T12:20:22Z","d50ecbb2-6384-4cad-a7f8-ae0d593a971e","29th California","Tony Cárdenas (D)","8134 Van Nuys Boulevard, Suite 206, Panorama City, California 91402","D"
,"4fbd-f0c8-6c92-4a7e-b13e21357e33","2025-04-09T12:20:22Z","2025-04-09T12:20:22Z","d50ecbb2-6384-4cad-a7f8-ae0d593a971e","30th California","Vacant (D-30) [Adam Schiff Resigned - Senator]","2800 Gateway Oaks Drive, Suite 200, Sacramento, California 95833","D"
,"6f9a-4e8e-9b7e-879e-8c6f-adb9a8b1","2025-04-09T12:20:22Z","2025-04-09T12:20:22Z","d50ecbb2-6384-4cad-a7f8-ae0d593a971e","31st California","Grace Napolitano (D)","1250 North Hacienda Boulevard, West Covina, California 91790","D"
,"44e2-4a2e-9f66-1c40-96574f59e2a0","2025-04-09T12:20:22Z","2025-04-09T12:20:22Z","d50ecbb2-6384-4cad-a7f8-ae0d593a971e","32nd California","Brad Sherman (D)","5000 Van Nuys Boulevard, Suite 420, Sherman Oaks, California 91403","D"
,"05ea-4c4e-8689-1e20-5426c8199e8d","2025-04-09T12:20:22Z","2025-04-09T12:20:22Z","d50ecbb2-6384-4cad-a7f8-ae0d593a971e","33rd California","Pete Aguilar (D)","685 East Carnegie Drive, Suite 100, San Bernardino, California 92408","D"
,"6c92-4a7e-b13e-2135-7e33e6894fbd","2025-04-09T12:20:22Z","2025-04-09T12:20:22Z","d50ecbb2-6384-4cad-a7f8-ae0d593a971e","34th California","Jimmy Gomez (D)","350 South Figueroa Street, Suite 180, Los Angeles, California 90071","D"
,"879e-8c6f-adb9-a8b1-feda6f9a4e8e","2025-04-09T12:20:22Z","2025-04-09T12:20:22Z","d50ecbb2-6384-4cad-a7f8-ae0d593a971e","35th California","Norma Torres (D)","3200 Inland Empire Boulevard, Suite 200B, Ontario, California 91764","D"
,"1c40-9657-4f59-e2a0-feda44e24a2e","2025-04-09T12:20:22Z","2025-04-09T12:20:22Z","d50ecbb2-6384-4cad-a7f8-ae0d593a971e","36th California","Ted Lieu (D)","1645 Corinth Avenue, Suite 101, Los Angeles, California 90025","D"
,"8689-1e20-5426-c819-9e8d9b7e05ea","2025-04-09T12:20:22Z","2025-04-09T12:20:22Z","d50ecbb2-6384-4cad-a7f8-ae0d593a971e","37th California","Sydney Kamlager-Dove (D)","4929 Wilshire Boulevard, Suite 650, Los Angeles, California 90010","D"
,"b13e-2135-7e33-e689-4fbdf0c86c92","2025-04-09T12:20:22Z","2025-04-09T12:20:22Z","d50ecbb2-6384-4cad-a7f8-ae0d593a971e","38th California","Linda Sánchez (D)","12440 East Imperial Highway, Suite 140, Norwalk, California 90650","D"
,"adb9-a8b1-feda-6f9a-4e8e9b7e879e","2025-04-09T12:20:22Z","2025-04-09T12:20:22Z","d50ecbb2-6384-4cad-a7f8-ae0d593a971e","39th California","Mark Takano (D)","3403 10th Street, Suite 610, Riverside, California 92501","D"
,"4f59-e2a0-feda-44e2-4a2e9f661c40","2025-04-09T12:20:22Z","2025-04-09T12:20:22Z","d50ecbb2-6384-4cad-a7f8-ae0d593a971e","40th California","Young Kim (R)","275 Centennial Way, Suite 103, Tustin, California 92780","R"
,"5426-c819-9e8d-9b7e-05ea4c4e8689","2025-04-09T12:20:22Z","2025-04-09T12:20:22Z","d50ecbb2-6384-4cad-a7f8-ae0d593a971e","41st California","Ken Calvert (R)","41607 Winchester Road, Suite 101, Temecula, California 92590","R"
,"e689-4fbd-f0c8-6c92-4a7eb13e2135","2025-04-09T12:20:22Z","2025-04-09T12:20:22Z","d50ecbb2-6384-4cad-a7f8-ae0d593a971e","42nd California","Robert Garcia (D)","11705 Deputy Yamamoto Place, Suite B, Lynwood, California 90262","D"
,"feda-6f9a-4e8e-9b7e-879e8c6fadb9","2025-04-09T12:20:22Z","2025-04-09T12:20:22Z","d50ecbb2-6384-4cad-a7f8-ae0d593a971e","43rd California","Maxine Waters (D)","10124 South Broadway, Suite 1, Los Angeles, California 90003","D"
,"e2a0-feda-44e2-4a2e-9f66-1c409657","2025-04-09T12:20:22Z","2025-04-09T12:20:22Z","d50ecbb2-6384-4cad-a7f8-ae0d593a971e","44th California","Nanette Barragán (D)","8650 California Avenue, South Gate, California 90280","D"
,"9e8d-9b7e-05ea-4c4e-86891e205426","2025-04-09T12:20:22Z","2025-04-09T12:20:22Z","d50ecbb2-6384-4cad-a7f8-ae0d593a971e","45th California","Michelle Steel (R)","17011 Beach Boulevard, Suite 570, Huntington Beach, California 92647","R"
,"4fbd-f0c8-6c92-4a7e-b13e21357e33","2025-04-09T12:20:22Z","2025-04-09T12:20:22Z","d50ecbb2-6384-4cad-a7f8-ae0d593a971e","46th California","Lou Correa (D)","2323 North Broadway, Suite 319, Santa Ana, California 92706","D"
,"6f9a-4e8e-9b7e-879e-8c6f-adb9a8b1","2025-04-09T12:20:22Z","2025-04-09T12:20:22Z","d50ecbb2-6384-4cad-a7f8-ae0d593a971e","47th California","Katie Porter (D)","2151 Michelson Drive, Suite 195, Irvine, California 92612","D"
,"44e2-4a2e-9f66-1c40-96574f59e2a0","2025-04-09T12:20:22Z","2025-04-09T12:20:22Z","d50ecbb2-6384-4cad-a7f8-ae0d593a971e","48th California","Darrell Issa (R)","2300 Raymer Avenue, Suite 150, Fullerton, California 92833","R"
,"05ea-4c4e-8689-1e20-5426c8199e8d","2025-04-09T12:20:22Z","2025-04-09T12:20:22Z","d50ecbb2-6384-4cad-a7f8-ae0d593a971e","49th California","Mike Levin (D)","2204 El Camino Real, Suite 314, Oceanside, California 92054","D"
,"6c92-4a7e-b13e-2135-7e33e6894fbd","2025-04-09T12:20:22Z","2025-04-09T12:20:22Z","d50ecbb2-6384-4cad-a7f8-ae0d593a971e","50th California","Scott Peters (D)","4350 Executive Drive, Suite 250, San Diego, California 92121","D"
,"879e-8c6f-adb9-a8b1-feda6f9a4e8e","2025-04-09T12:20:22Z","2025-04-09T12:20:22Z","d50ecbb2-6384-4cad-a7f8-ae0d593a971e","51st California","Sara Jacobs (D)","2700 Adams Avenue, Suite 102, San Diego, California 92116","D"
,"1c40-9657-4f59-e2a0-feda44e24a2e","2025-04-09T12:20:22Z","2025-04-09T12:20:22Z","d50ecbb2-6384-4cad-a7f8-ae0d593a971e","52nd California","Juan Vargas (D)","333 H Street, Suite 3100, Chula Vista, California 91910","D"
,"c60bd3c2-1661-40fa-aa17-e7cff58b2db8","2025-04-09T12:20:22Z","2025-04-09T12:20:22Z","d50ecbb2-6384-4cad-a7f8-ae0d593a971e","1st Colorado","Diana DeGette (D)","600 Grant Street, Suite 202, Denver, Colorado 80203","D"
,"74674b05-4aad-4520-967b-35ef6f55ca35","2025-04-09T12:20:22Z","2025-04-09T12:20:22Z","d50ecbb2-6384-4cad-a7f8-ae0d593a971e","2nd Colorado","Joe Neguse (D)","2503 Walnut Street, Suite 200, Boulder, Colorado 80302","D"
,"b12ca87e-b2f4-4c5f-b87c-41fe16272b60","2025-04-09T12:20:22Z","2025-04-09T12:20:22Z","d50ecbb2-6384-4cad-a7f8-ae0d593a971e","3rd Colorado","Lauren Boebert (R)","1609 North Grand Avenue, Pueblo, Colorado 81003","R"
,"9017a441-19cf-477c-8f23-e1a1a0b7660f","2025-04-09T12:20:22Z","2025-04-09T12:20:22Z","d50ecbb2-6384-4cad-a7f8-ae0d593a971e","4th Colorado","Greg Lopez (R)","8200 South Quebec Street, Suite A3-278, Centennial, Colorado 80112","R"
,"a8139d27-11d2-4be8-960c-12b0a55e7a98","2025-04-09T12:20:22Z","2025-04-09T12:20:22Z","d50ecbb2-6384-4cad-a7f8-ae0d593a971e","5th Colorado","Yadira Caraveo (D)","499 Scott Avenue, Suite 101, Thornton, Colorado 80602","D"
,"d4690601-dcfd-40a0-8772-efa5f7b166d5","2025-04-09T12:20:22Z","2025-04-09T12:20:22Z","d50ecbb2-6384-4cad-a7f8-ae0d593a971e","6th Colorado","Jason Crow (D)","3300 South Parker Road, Suite 100, Aurora, Colorado 80014","D"
,"69c69d62-f9f1-4969-9470-cba530b954cc","2025-04-09T12:20:22Z","2025-04-09T12:20:22Z","d50ecbb2-6384-4cad-a7f8-ae0d593a971e","7th Colorado","Brittany Pettersen (D)","12345 West Alameda Parkway, Building 2, Suite 205, Lakewood, Colorado 80228","D"
,"2a128792-1258-4b25-98c4-edd3c0ebe4c5","2025-04-09T12:20:22Z","2025-04-09T12:20:22Z","d50ecbb2-6384-4cad-a7f8-ae0d593a971e","8th Colorado","Gabe Evans (R)","3855 Lewiston Street, Suite 130, Aurora, Colorado 80011","R"
,"ce48452b-90c4-4ad0-a1dc-f5508f47ccbf","2025-04-09T12:20:22Z","2025-04-09T12:20:22Z","d50ecbb2-6384-4cad-a7f8-ae0d593a971e","1st Connecticut","John Larson (D)","221 Main Street, 2nd Floor, Hartford, Connecticut 6106","D"
,"dadeeb09-fc32-4e94-bae0-40ce2b37cb5b","2025-04-09T12:20:22Z","2025-04-09T12:20:22Z","d50ecbb2-6384-4cad-a7f8-ae0d593a971e","2nd Connecticut","Joe Courtney (D)","55 Main Street, Suite 250, Norwich, Connecticut 6360","D"
,"db2e1518-8fd0-4437-a464-4c378705543d","2025-04-09T12:20:22Z","2025-04-09T12:20:22Z","d50ecbb2-6384-4cad-a7f8-ae0d593a971e","3rd Connecticut","Rosa DeLauro (D)","59 Elm Street, New Haven, Connecticut 6510","D"
,"240631c2-4843-407d-a57c-e1774ab70bb6","2025-04-09T12:20:22Z","2025-04-09T12:20:22Z","d50ecbb2-6384-4cad-a7f8-ae0d593a971e","4th Connecticut","Jim Himes (D)","888 Washington Boulevard, 10th Floor, Stamford, Connecticut 6901","D"
,"5a7c79f6-6bf7-47c6-820f-cccdfb965289","2025-04-09T12:20:22Z","2025-04-09T12:20:22Z","d50ecbb2-6384-4cad-a7f8-ae0d593a971e","5th Connecticut","Jahana Hayes (D)","108 Bank Street, 2nd Floor, Waterbury, Connecticut 6702","D"
,"3dac0f4a-e76a-4150-b9fb-143a34ca9497","2025-04-09T12:20:22Z","2025-04-09T12:20:22Z","d50ecbb2-6384-4cad-a7f8-ae0d593a971e","Delaware","Sarah McBride (D-AL)","1007 North Orange Street, 4th Floor, Wilmington, Delaware 19801","D"
,"c659375a-3794-48d1-afb4-f82ff7f6d9d1","2025-04-09T12:20:22Z","2025-04-09T12:20:22Z","d50ecbb2-6384-4cad-a7f8-ae0d593a971e","District of Columbia","Eleanor Holmes Norton (D-AL)","1300 Pennsylvania Avenue NW, Suite M-1000, Washington, District of Columbia 20004","D"
,"e6086f94-182d-49c4-9647-c493f35610a6","2025-04-09T12:20:22Z","2025-04-09T12:20:22Z","d50ecbb2-6384-4cad-a7f8-ae0d593a971e","1st Florida","Vacant (R-1) [Matt Gaetz Resigned]","348 SW Miracle Strip Parkway, Suite 36B, Fort Walton Beach, Florida 32548","R"
,"9f51f598-1040-41fe-aae4-de3b1ff6efbc","2025-04-09T12:20:22Z","2025-04-09T12:20:22Z","d50ecbb2-6384-4cad-a7f8-ae0d593a971e","2nd Florida","Neal Dunn (R)","300 South Adams Street, Tallahassee, Florida 32301","R"
,"4f4ad5df-28a3-4e18-a384-223e293554a1","2025-04-09T12:20:22Z","2025-04-09T12:20:22Z","d50ecbb2-6384-4cad-a7f8-ae0d593a971e","3rd Florida","Kat Cammack (R)","1626 Northwest US Highway 441, Gainesville, Florida 32609","R"
,"3acd7b19-7ae8-453a-93cf-eb55b2b88a95","2025-04-09T12:20:22Z","2025-04-09T12:20:22Z","d50ecbb2-6384-4cad-a7f8-ae0d593a971e","4th Florida","Aaron Bean (R)","4456 Hendricks Avenue, Jacksonville, Florida 32207","R"
,"cde7df51-8bae-46b2-ab45-62d866af497e","2025-04-09T12:20:22Z","2025-04-09T12:20:22Z","d50ecbb2-6384-4cad-a7f8-ae0d593a971e","5th Florida","John Rutherford (R)","1715 North Main Street, Jacksonville, Florida 32206","R"
,"432b176b-be2f-477a-843a-35efcd81dbdf","2025-04-09T12:20:22Z","2025-04-09T12:20:22Z","d50ecbb2-6384-4cad-a7f8-ae0d593a971e","6th Florida","Vacant (R-6) [Michael Waltz Resigned]","1000 City Center Circle, 2nd Floor, Port Orange, Florida 32129","R"
,"95ab0c1a-9e2d-4dbf-b281-c2afca4b65a5","2025-04-09T12:20:22Z","2025-04-09T12:20:22Z","d50ecbb2-6384-4cad-a7f8-ae0d593a971e","7th Florida","Cory Mills (R)","2195 North Courtenay Parkway, Merritt Island, Florida 32953","R"
,"f9102342-502d-452b-9bd7-16c12293d326","2025-04-09T12:20:22Z","2025-04-09T12:20:22Z","d50ecbb2-6384-4cad-a7f8-ae0d593a971e","8th Florida","Bill Posey (R)","2725 Judge Fran Jamieson Way, Building C, Melbourne, Florida 32940","R"
,"1015a2c9-e6bb-44f3-b66d-948fd91aa386","2025-04-09T12:20:22Z","2025-04-09T12:20:22Z","d50ecbb2-6384-4cad-a7f8-ae0d593a971e","9th Florida","Darren Soto (D)","804 Bryan Street, Kissimmee, Florida 34741","D"
,"48a8c4db-e398-4b01-bdb8-a38f51b5540e","2025-04-09T12:20:22Z","2025-04-09T12:20:22Z","d50ecbb2-6384-4cad-a7f8-ae0d593a971e","10th Florida","Maxwell Frost (D)","400 North Tampa Street, Suite 2525, Orlando, Florida 32801","D"
,"6ce1c1cc-3dd2-4f45-8180-017dce635436","2025-04-09T12:20:22Z","2025-04-09T12:20:22Z","d50ecbb2-6384-4cad-a7f8-ae0d593a971e","11th Florida","Daniel Webster (R)","1210 North US Highway 27, Suite A, Clermont, Florida 34711","R"
,"6ab9e5e1-8ec3-4b70-9e7f-9393cfbac55e","2025-04-09T12:25:54Z","2025-04-09T12:25:54Z","d50ecbb2-6384-4cad-a7f8-ae0d593a971e","12th Florida","Gus Bilirakis (R)","23554 US Highway 19 North, Suite 100, Clearwater, Florida 33765","R"
,"ae786638-c3e0-4657-96ff-897015a4fee6","2025-04-09T12:25:54Z","2025-04-09T12:25:54Z","d50ecbb2-6384-4cad-a7f8-ae0d593a971e","13th Florida","Anna Paulina Luna (R)","801 3rd Street South, St. Petersburg, Florida 33701","R"
,"9bcfc8eb-bd9f-48bf-9d92-446744d56812","2025-04-09T12:25:54Z","2025-04-09T12:25:54Z","d50ecbb2-6384-4cad-a7f8-ae0d593a971e","14th Florida","Kathy Castor (D)","205 West Morgan Street, Tampa, Florida 33602","D"
,"26b372b3-5e06-43c7-a0b8-a6980785787b","2025-04-09T12:25:54Z","2025-04-09T12:25:54Z","d50ecbb2-6384-4cad-a7f8-ae0d593a971e","15th Florida","Laurel Lee (R)","110 West Reynolds Street, Suite 101, Plant City, Florida 33563","R"
,"53ac217e-3217-4b48-b5b1-1a7378936094","2025-04-09T12:25:54Z","2025-04-09T12:25:54Z","d50ecbb2-6384-4cad-a7f8-ae0d593a971e","16th Florida","Vern Buchanan (R)","1051 Manatee Avenue West, Suite 305, Bradenton, Florida 34205","R"
,"0b395dc0-767a-41b3-ae4b-c2111c1d0296","2025-04-09T12:25:54Z","2025-04-09T12:25:54Z","d50ecbb2-6384-4cad-a7f8-ae0d593a971e","17th Florida","Greg Steube (R)","4507 George Boulevard, Sebring, Florida 33875","R"
,"c9ff2435-8b2a-434e-be7e-74f57327f8d4","2025-04-09T12:25:54Z","2025-04-09T12:25:54Z","d50ecbb2-6384-4cad-a7f8-ae0d593a971e","18th Florida","Scott Franklin (R)","400 North Tampa Street, Suite 1110, Tampa, Florida 33602","R"
,"c7823215-0819-42cd-a5af-47d614e5bc6b","2025-04-09T12:25:54Z","2025-04-09T12:25:54Z","d50ecbb2-6384-4cad-a7f8-ae0d593a971e","19th Florida","Byron Donalds (R)","1039 SE 9th Avenue, Suite 308, Cape Coral, Florida 33990","R"
,"79c9e8d6-2f38-46f9-a923-28130133cfda","2025-04-09T12:25:54Z","2025-04-09T12:25:54Z","d50ecbb2-6384-4cad-a7f8-ae0d593a971e","20th Florida","Sheila Cherfilus-McCormick (D)","2900 North University Drive, Coral Springs, Florida 33065","D"
,"adbd0aa5-bb15-48c3-879f-cdc10cdaf9d3","2025-04-09T12:25:54Z","2025-04-09T12:25:54Z","d50ecbb2-6384-4cad-a7f8-ae0d593a971e","21st Florida","Brian Mast (R)","171 SW Flagler Avenue, Stuart, Florida 34994","R"
,"6e5d3d0c-e9f2-4c03-af6d-de421fc00dcd","2025-04-09T12:25:54Z","2025-04-09T12:25:54Z","d50ecbb2-6384-4cad-a7f8-ae0d593a971e","22nd Florida","Lois Frankel (D)","2500 North Military Trail, Suite 490, Boca Raton, Florida 33431","D"
,"df97d015-651e-4274-b90c-b941355f7e35","2025-04-09T12:25:54Z","2025-04-09T12:25:54Z","d50ecbb2-6384-4cad-a7f8-ae0d593a971e","23rd Florida","Jared Moskowitz (D)","2800 North State Road 7, Suite 200, Margate, Florida 33063","D"
,"bf3f5942-6da8-4df1-8fbe-8bbdee9ab312","2025-04-09T12:25:54Z","2025-04-09T12:25:54Z","d50ecbb2-6384-4cad-a7f8-ae0d593a971e","24th Florida","Frederica Wilson (D)","18425 NW 2nd Avenue, Suite 355, Miami Gardens, Florida 33169","D"
,"60206d94-cc8b-42f6-8fa2-7f6c2053ec49","2025-04-09T12:25:54Z","2025-04-09T12:25:54Z","d50ecbb2-6384-4cad-a7f8-ae0d593a971e","25th Florida","Debbie Wasserman Schultz (D)","19200 West Country Club Drive, 3rd Floor, Aventura, Florida 33180","D"
,"4fe739e3-e63c-45e7-8448-76db3c94e671","2025-04-09T12:25:54Z","2025-04-09T12:25:54Z","d50ecbb2-6384-4cad-a7f8-ae0d593a971e","26th Florida","Mario Díaz-Balart (R)","8669 NW 36th Street, Suite 100, Doral, Florida 33166","R"
,"05794dbd-10e5-4714-aba8-187e52a96569","2025-04-09T12:25:54Z","2025-04-09T12:25:54Z","d50ecbb2-6384-4cad-a7f8-ae0d593a971e","27th Florida","María Elvira Salazar (R)","8400 SW 8th Street, Miami, Florida 33144","R"
,"983c6b26-b958-44df-9cb8-3e5b8305dea3","2025-04-09T12:25:54Z","2025-04-09T12:25:54Z","d50ecbb2-6384-4cad-a7f8-ae0d593a971e","28th Florida","Carlos Giménez (R)","14221 SW 120th Street, Suite 225, Miami, Florida 33186","R"
,"4ede97ca-4db3-4ade-aba7-271b8786f79d","2025-04-09T12:25:54Z","2025-04-09T12:25:54Z","d50ecbb2-6384-4cad-a7f8-ae0d593a971e","1st Georgia","Buddy Carter (R)","6602 Abercorn Street, Suite 105B, Savannah, Georgia 31405","R"
,"f692c70a-e09d-47b8-bf5c-ddeedc85e212","2025-04-09T12:25:54Z","2025-04-09T12:25:54Z","d50ecbb2-6384-4cad-a7f8-ae0d593a971e","2nd Georgia","Sanford Bishop (D)","225 North Lumpkin Street, Albany, Georgia 31701","D"
,"04aca4b3-ed0a-4d51-ae9a-cb204ff44643","2025-04-09T12:25:54Z","2025-04-09T12:25:54Z","d50ecbb2-6384-4cad-a7f8-ae0d593a971e","3rd Georgia","Drew Ferguson (R)","1601 East Highway 34, Suite B, Newnan, Georgia 30265","R"
,"460e84f7-28d9-4b78-bfe1-63455e2f4d4b","2025-04-09T12:25:54Z","2025-04-09T12:25:54Z","d50ecbb2-6384-4cad-a7f8-ae0d593a971e","4th Georgia","Hank Johnson (D)","5240 Snapfinger Park Drive, Suite 130, Decatur, Georgia 30035","D"
,"6f399c4c-bb46-40a4-b155-0d9b3adaf531","2025-04-09T12:25:54Z","2025-04-09T12:25:54Z","d50ecbb2-6384-4cad-a7f8-ae0d593a971e","5th Georgia","Nikema Williams (D)","100 Peachtree Street NW, Suite 1920, Atlanta, Georgia 30303","D"
,"1deae8be-6bcf-403c-9d6c-ab3cacfc8cac","2025-04-09T12:25:54Z","2025-04-09T12:25:54Z","d50ecbb2-6384-4cad-a7f8-ae0d593a971e","6th Georgia","Lucy McBath (D)","5570 South Gordon Road SW, Mableton, Georgia 30126","D"
,"b7e1e8ff-54f3-4e67-afb1-f11e3fbb79c9","2025-04-09T12:25:54Z","2025-04-09T12:25:54Z","d50ecbb2-6384-4cad-a7f8-ae0d593a971e","7th Georgia","Andrew Clyde (R)","445 12th Street, Suite A, Columbus, Georgia 31901","R"
,"4dfd22e0-3eb1-49a5-aeac-3c61a631c98b","2025-04-09T12:25:54Z","2025-04-09T12:25:54Z","d50ecbb2-6384-4cad-a7f8-ae0d593a971e","8th Georgia","Mike Collins (R)","106 East Broad Street, Greensboro, Georgia 30642","R"
,"a07d13ba-17ce-4ef2-9daa-3fe15459669a","2025-04-09T12:25:54Z","2025-04-09T12:25:54Z","d50ecbb2-6384-4cad-a7f8-ae0d593a971e","9th Georgia","Marjorie Taylor Greene (R)","1023 Longstreet Road, Suite 102, Calhoun, Georgia 30701","R"
,"a483fea2-c874-49c6-8d53-dbd7c5e8e7f3","2025-04-09T12:25:54Z","2025-04-09T12:25:54Z","d50ecbb2-6384-4cad-a7f8-ae0d593a971e","10th Georgia","Barry Loudermilk (R)","9898 Highway 92, Suite 100, Woodstock, Georgia 30188","R"
,"25b5d34a-8dc4-4e3c-a496-a76c16ae823e","2025-04-09T12:25:54Z","2025-04-09T12:25:54Z","d50ecbb2-6384-4cad-a7f8-ae0d593a971e","11th Georgia","Rick Allen (R)","5707 Ogeechee Road, Suite 100, Savannah, Georgia 31405","R"
,"3b690aed-55d6-468e-9a82-d40b96f36465","2025-04-09T12:25:54Z","2025-04-09T12:25:54Z","d50ecbb2-6384-4cad-a7f8-ae0d593a971e","12th Georgia","David Scott (D)","888 Concord Road, Suite 100, Smyrna, Georgia 30080","D"
,"c779230c-7b98-4f6e-b221-fd900d14309e","2025-04-09T12:25:54Z","2025-04-09T12:25:54Z","d50ecbb2-6384-4cad-a7f8-ae0d593a971e","13th Georgia","Austin Scott (R)","127 North Central Avenue, Suite B, Tifton, Georgia 31794","R"
,"a575992c-9740-400d-95d4-c65606770fba","2025-04-09T12:25:54Z","2025-04-09T12:25:54Z","d50ecbb2-6384-4cad-a7f8-ae0d593a971e","14th Georgia","Richard McCormick (R)","85 Mill Street, Suite 300, Roswell, Georgia 30075","R"
,"e3bc1e7a-927f-497f-9ad1-541cf356d3ab","2025-04-09T12:25:54Z","2025-04-09T12:25:54Z","d50ecbb2-6384-4cad-a7f8-ae0d593a971e","Guam","James Moylan (R-AL)","163 Vietnam Veterans Memorial Highway, Suite 2, Hagåtña, Guam 96910","R"
,"56eed0ce-2876-4958-b7f5-f1d8cfdc429c","2025-04-09T12:25:54Z","2025-04-09T12:25:54Z","d50ecbb2-6384-4cad-a7f8-ae0d593a971e","1st Hawaii","Ed Case (D)","1003 Bishop Street, Suite 1110, Honolulu, Hawaii 96813","D"
,"dacf0a8f-a39d-4609-9ef0-caeec282522d","2025-04-09T12:25:54Z","2025-04-09T12:25:54Z","d50ecbb2-6384-4cad-a7f8-ae0d593a971e","2nd Hawaii","Jill Tokuda (D)","1003 Bishop Street, Suite 1170, Honolulu, Hawaii 96813","D"
,"c617bba3-0235-4b30-a2cd-4f079dd1cddb","2025-04-09T12:25:54Z","2025-04-09T12:25:54Z","d50ecbb2-6384-4cad-a7f8-ae0d593a971e","1st Idaho","Russ Fulcher (R)","33 East Broadway Avenue, Suite 251, Meridian, Idaho 83642","R"
,"d9397657-7b0f-4e2a-a304-a075d6cff0ee","2025-04-09T12:25:54Z","2025-04-09T12:25:54Z","d50ecbb2-6384-4cad-a7f8-ae0d593a971e","2nd Idaho","Mike Simpson (R)","802 West Bannock Street, Suite 602, Boise, Idaho 83702","R"
,"bbcdcdbc-c4e3-407f-b525-78c5f515228c","2025-04-09T12:25:54Z","2025-04-09T12:25:54Z","d50ecbb2-6384-4cad-a7f8-ae0d593a971e","1st Illinois","Jonathan Jackson (D)","111 West 87th Street, Chicago, Illinois 60620","D"
,"d89a2d19-6448-4680-8dc3-1801e8d89f4b","2025-04-09T12:25:54Z","2025-04-09T12:25:54Z","d50ecbb2-6384-4cad-a7f8-ae0d593a971e","2nd Illinois","Robin Kelly (D)","600 Holiday Plaza Drive, Suite 505, Matteson, Illinois 60443","D"
,"62b5a071-a0aa-435e-90dd-e5c845276ce4","2025-04-09T12:25:54Z","2025-04-09T12:25:54Z","d50ecbb2-6384-4cad-a7f8-ae0d593a971e","3rd Illinois","Delia Ramirez (D)","5624 West Diversey Avenue, Chicago, Illinois 60639","D"
,"28c5a63c-e105-4f00-a174-b22e2065d078","2025-04-09T12:25:54Z","2025-04-09T12:25:54Z","d50ecbb2-6384-4cad-a7f8-ae0d593a971e","4th Illinois","Jesús \"Chuy\" García (D)","3240 West Fullerton Avenue, Chicago, Illinois 60647","D"
,"c493ffbf-2fd2-43b6-926b-db71df385fab","2025-04-09T12:25:54Z","2025-04-09T12:25:54Z","d50ecbb2-6384-4cad-a7f8-ae0d593a971e","5th Illinois","Mike Quigley (D)","3223 North Sheffield Avenue, Chicago, Illinois 60657","D"
,"72530557-5830-42d4-ad38-e087bf512a67","2025-04-09T12:25:54Z","2025-04-09T12:25:54Z","d50ecbb2-6384-4cad-a7f8-ae0d593a971e","6th Illinois","Sean Casten (D)","111 Barclay Boulevard, Suite 102, Lincolnshire, Illinois 60069","D"
,"dcd1b210-d8aa-4b07-b14b-b0dbbb63743f","2025-04-09T12:25:54Z","2025-04-09T12:25:54Z","d50ecbb2-6384-4cad-a7f8-ae0d593a971e","7th Illinois","Danny Davis (D)","2813-15 West 5th Avenue, Chicago, Illinois 60612","D"
,"39f905b1-1a62-46a2-9a91-2d68fe6e11c4","2025-04-09T12:25:54Z","2025-04-09T12:25:54Z","d50ecbb2-6384-4cad-a7f8-ae0d593a971e","8th Illinois","Raja Krishnamoorthi (D)","1150 West Central Road, Suite B, Arlington Heights, Illinois 60005","D"
,"f89324fb-50aa-447e-b6dc-67e4b5df2291","2025-04-09T12:25:54Z","2025-04-09T12:25:54Z","d50ecbb2-6384-4cad-a7f8-ae0d593a971e","9th Illinois","Jan Schakowsky (D)","5533 North Broadway, Chicago, Illinois 60640","D"
,"944d93ef-426a-4b19-9d74-a05285157f10","2025-04-09T12:25:54Z","2025-04-09T12:25:54Z","d50ecbb2-6384-4cad-a7f8-ae0d593a971e","10th Illinois","Brad Schneider (D)","111 Barclay Boulevard, Suite 200, Lincolnshire, Illinois 60069","D"
,"111a928c-bd4e-4d58-87c8-bf140ed82940","2025-04-09T12:25:54Z","2025-04-09T12:25:54Z","d50ecbb2-6384-4cad-a7f8-ae0d593a971e","11th Illinois","Bill Foster (D)","2711 East New York Street, Suite 204, Aurora, Illinois 60502","D"
,"9e58644c-046f-42cd-afc1-56f74f5facac","2025-04-09T12:25:54Z","2025-04-09T12:25:54Z","d50ecbb2-6384-4cad-a7f8-ae0d593a971e","12th Illinois","Mike Bost (R)","1100 Main Street, O'Fallon, Illinois 62269","R"
,"0776a03c-abb7-4ed8-a50b-3603b4d6a933","2025-04-09T12:25:54Z","2025-04-09T12:25:54Z","d50ecbb2-6384-4cad-a7f8-ae0d593a971e","13th Illinois","Nikki Budzinski (D)","1330 Swanwick Street, Chester, Illinois 62233","D"
,"5779a594-52df-4227-baec-6dda1a004268","2025-04-09T12:25:54Z","2025-04-09T12:25:54Z","d50ecbb2-6384-4cad-a7f8-ae0d593a971e","14th Illinois","Lauren Underwood (D)","680 Independence Boulevard, Suite D, Oswego, Illinois 60543","D"
,"4d1d9c6e-9f97-458a-aa13-1fe9f6c62f7d","2025-04-09T12:25:54Z","2025-04-09T12:25:54Z","d50ecbb2-6384-4cad-a7f8-ae0d593a971e","15th Illinois","Mary Miller (R)","1527 North State Street, Greenfield, Illinois 62044","R"
,"00b4fb01-db52-44c1-8ff3-5404d3f1aeae","2025-04-09T12:25:54Z","2025-04-09T12:25:54Z","d50ecbb2-6384-4cad-a7f8-ae0d593a971e","16th Illinois","Darin LaHood (R)","100 NE Monroe Street, Room 100, Peoria, Illinois 61602","R"
,"851746a9-5be4-436e-9668-20d1a5ab44b7","2025-04-09T12:25:54Z","2025-04-09T12:25:54Z","d50ecbb2-6384-4cad-a7f8-ae0d593a971e","17th Illinois","Eric Sorensen (D)","2401 4th Avenue, Rock Island, Illinois 61201","D"
,"abdcf0ee-02b7-4b20-85a4-20f570c16ca0","2025-04-09T12:25:54Z","2025-04-09T12:25:54Z","d50ecbb2-6384-4cad-a7f8-ae0d593a971e","1st Indiana","Frank Mrvan (D)","7895 Broadway, Suite A, Merrillville, Indiana 46410","D"
,"115903f9-18aa-40bc-b770-557f6ac784b9","2025-04-09T12:25:54Z","2025-04-09T12:25:54Z","d50ecbb2-6384-4cad-a7f8-ae0d593a971e","2nd Indiana","Rudy Yakym (R)","401 West Washington Street, Suite B, South Bend, Indiana 46601","R"
,"00b4f21a-322f-444d-bbdc-c73054a368ad","2025-04-09T12:25:54Z","2025-04-09T12:25:54Z","d50ecbb2-6384-4cad-a7f8-ae0d593a971e","3rd Indiana","Vacant (R-3) [Jim Banks Resigned - Senator]","1300 South Harrison Street, Fort Wayne, Indiana 46802","R"
,"d6bd5e9e-a476-4428-8a0c-1eaca288b9fe","2025-04-09T12:25:54Z","2025-04-09T12:25:54Z","d50ecbb2-6384-4cad-a7f8-ae0d593a971e","4th Indiana","Jim Baird (R)","355 South Washington Street, Danville, Indiana 46122","R"
,"fb0f70d8-2f1c-4e9c-92e1-7c65672c2a82","2025-04-09T12:25:54Z","2025-04-09T12:25:54Z","d50ecbb2-6384-4cad-a7f8-ae0d593a971e","5th Indiana","Victoria Spartz (R)","1077 South Range Line Road, Suite 101, Carmel, Indiana 46032","R"
,"7a1ed8d5-cff0-4b5e-9fad-65b24ec69064","2025-04-09T12:25:54Z","2025-04-09T12:25:54Z","d50ecbb2-6384-4cad-a7f8-ae0d593a971e","6th Indiana","Greg Pence (R)","50 North 5th Street, Richmond, Indiana 47374","R"
,"ea9219c3-1f1e-4abc-bbe1-5a8b693e1bdc","2025-04-09T12:25:54Z","2025-04-09T12:25:54Z","d50ecbb2-6384-4cad-a7f8-ae0d593a971e","7th Indiana","André Carson (D)","300 East Fall Creek Parkway North Drive, Suite 300, Indianapolis, Indiana 46205","D"
,"a52553be-3ad9-49f7-a500-f106c65819ac","2025-04-09T12:25:54Z","2025-04-09T12:25:54Z","d50ecbb2-6384-4cad-a7f8-ae0d593a971e","8th Indiana","Larry Bucshon (R)","101 NW Martin Luther King Jr. Boulevard, Room 124, Evansville, Indiana 47708","R"
,"ac35ceba-8255-4e5e-8ca2-ae9e4a6173d2","2025-04-09T12:25:54Z","2025-04-09T12:25:54Z","d50ecbb2-6384-4cad-a7f8-ae0d593a971e","9th Indiana","Erin Houchin (R)","300 South Walnut Street, Seymour, Indiana 47274","R"
,"3f92175a-3179-4814-a421-2b7da1f5c14a","2025-04-09T12:25:54Z","2025-04-09T12:25:54Z","d50ecbb2-6384-4cad-a7f8-ae0d593a971e","1st Iowa","Mariannette Miller-Meeks (R)","201 West 2nd Street, Suite 803, Davenport, Iowa 52801","R"
,"b84e9994-d2bd-4935-b48e-a031891df8d2","2025-04-09T12:25:54Z","2025-04-09T12:25:54Z","d50ecbb2-6384-4cad-a7f8-ae0d593a971e","2nd Iowa","Ashley Hinson (R)","118 3rd Avenue SE, Suite 206, Cedar Rapids, Iowa 52401","R"
,"4fa488ad-6fe3-4afe-a433-95cef50f021f","2025-04-09T12:25:54Z","2025-04-09T12:25:54Z","d50ecbb2-6384-4cad-a7f8-ae0d593a971e","3rd Iowa","Zach Nunn (R)","400 SW 8th Street, Suite D, Des Moines, Iowa 50309","R"
,"08ff0c3e-22ea-456a-babd-899b2de9b488","2025-04-09T12:25:54Z","2025-04-09T12:25:54Z","d50ecbb2-6384-4cad-a7f8-ae0d593a971e","4th Iowa","Randy Feenstra (R)","712 Lake Avenue, Spirit Lake, Iowa 51360","R"
,"ed96b0aa-1748-4b7c-afc4-9d349dbf4416","2025-04-09T12:25:54Z","2025-04-09T12:25:54Z","d50ecbb2-6384-4cad-a7f8-ae0d593a971e","1st Kansas","Tracey Mann (R)","1001 North Fillmore Street, Suite F, Goodland, Kansas 67735","R"
,"a79f291b-866f-4ca3-8b2b-1173bb2f56a5","2025-04-09T12:25:54Z","2025-04-09T12:25:54Z","d50ecbb2-6384-4cad-a7f8-ae0d593a971e","2nd Kansas","Jake LaTurner (R)","701 North Broadway Street, Pittsburg, Kansas 66762","R"
,"325419e7-5ad1-44f7-b3b5-b46a106fb784","2025-04-09T12:25:54Z","2025-04-09T12:25:54Z","d50ecbb2-6384-4cad-a7f8-ae0d593a971e","3rd Kansas","Sharice Davids (D)","7325 West 79th Street, Overland Park, Kansas 66204","D"
,"5f89b153-9d40-4119-89e4-a0caf33f07d0","2025-04-09T12:25:54Z","2025-04-09T12:25:54Z","d50ecbb2-6384-4cad-a7f8-ae0d593a971e","4th Kansas","Ron Estes (R)","4045 NW 64th Street, Suite 406, Wichita, Kansas 67214","R"
,"04740fae-e97a-4fb8-a9d0-fc738b319fb8","2025-04-09T12:25:54Z","2025-04-09T12:25:54Z","d50ecbb2-6384-4cad-a7f8-ae0d593a971e","1st Kentucky","James Comer (R)","214 West 1st Street, Tompkinsville, Kentucky 42167","R"
,"1f47d28b-6c54-4ce0-abe3-6133b6a23838","2025-04-09T12:25:54Z","2025-04-09T12:25:54Z","d50ecbb2-6384-4cad-a7f8-ae0d593a971e","2nd Kentucky","Brett Guthrie (R)","996 Wilkinson Trace, Suite B2, Bowling Green, Kentucky 42103","R"
,"f0009f99-5f13-45c7-b245-043cba4cb178","2025-04-09T12:25:54Z","2025-04-09T12:25:54Z","d50ecbb2-6384-4cad-a7f8-ae0d593a971e","3rd Kentucky","Morgan McGarvey (D)","1910 South 3rd Street, Louisville, Kentucky 40208","D"
,"8f74a849-3815-4354-b018-9628294d550a","2025-04-09T12:25:54Z","2025-04-09T12:25:54Z","d50ecbb2-6384-4cad-a7f8-ae0d593a971e","4th Kentucky","Thomas Massie (R)","541 Buttermilk Pike, Suite 208, Crescent Springs, Kentucky 41017","R"
,"a27904fd-26a8-4269-9135-1d69cdfd5708","2025-04-09T12:25:54Z","2025-04-09T12:25:54Z","d50ecbb2-6384-4cad-a7f8-ae0d593a971e","5th Kentucky","Hal Rogers (R)","601 Main Street, Suite A, Hazard, Kentucky 41701","R"
,"330fdb99-37e2-408d-8679-10adf54ec57a","2025-04-09T12:25:54Z","2025-04-09T12:25:54Z","d50ecbb2-6384-4cad-a7f8-ae0d593a971e","6th Kentucky","Andy Barr (R)","2709 Old Rosebud Road, Suite 100, Lexington, Kentucky 40509","R"
,"a59ef18d-13d3-4095-ab0c-cd0412767a88","2025-04-09T12:30:35Z","2025-04-09T12:30:35Z","d50ecbb2-6384-4cad-a7f8-ae0d593a971e","1st Louisiana","Steve Scalise (R)","1514 Martens Drive, Suite 10, Hammond, Louisiana 70401","R"
,"6c8b5d68-9106-4064-bb20-1498f51937e6","2025-04-09T12:30:35Z","2025-04-09T12:30:35Z","d50ecbb2-6384-4cad-a7f8-ae0d593a971e","2nd Louisiana","Troy Carter (D)","650 Poydras Street, Suite 2525, New Orleans, Louisiana 70130","D"
,"a7ed9ab6-23a6-4b98-ac31-5b48effedcde","2025-04-09T12:30:35Z","2025-04-09T12:30:35Z","d50ecbb2-6384-4cad-a7f8-ae0d593a971e","3rd Louisiana","Clay Higgins (R)","102 St. Mary Street, Thibodaux, Louisiana 70301","R"
,"2c84fb1a-c751-4d69-95f9-0f894c06f62d","2025-04-09T12:30:35Z","2025-04-09T12:30:35Z","d50ecbb2-6384-4cad-a7f8-ae0d593a971e","4th Louisiana","Mike Johnson (R)","2250 Hospital Drive, Suite 248, Bossier City, Louisiana 71111","R"
,"b4cb8b08-1524-47d5-82bc-0d88fffeb6cc","2025-04-09T12:30:35Z","2025-04-09T12:30:35Z","d50ecbb2-6384-4cad-a7f8-ae0d593a971e","5th Louisiana","Julia Letlow (R)","1900 North 18th Street, Suite 501, Monroe, Louisiana 71201","R"
,"5f967860-e0cc-419d-9572-c4c52e7c8a0a","2025-04-09T12:30:35Z","2025-04-09T12:30:35Z","d50ecbb2-6384-4cad-a7f8-ae0d593a971e","6th Louisiana","Garret Graves (R)","2351 Energy Drive, Suite 1200, Baton Rouge, Louisiana 70806","R"
,"4f6574e5-8e8b-4911-948d-167ddf1907c0","2025-04-09T12:30:35Z","2025-04-09T12:30:35Z","d50ecbb2-6384-4cad-a7f8-ae0d593a971e","1st Maine","Chellie Pingree (D)","2 Portland Fish Pier, Suite 304, Portland, Maine 4101","D"
,"65fa82c2-1ba4-445d-9540-4402b560146e","2025-04-09T12:30:35Z","2025-04-09T12:30:35Z","d50ecbb2-6384-4cad-a7f8-ae0d593a971e","2nd Maine","Jared Golden (D)","7 Hatch Drive, Suite 213, Caribou, Maine 4736","D"
,"df51b8d8-52c9-4097-a8ce-07a5543f944f","2025-04-09T12:30:35Z","2025-04-09T12:30:35Z","d50ecbb2-6384-4cad-a7f8-ae0d593a971e","1st Maryland","Andy Harris (R)","100 East Main Street, Suite 702, Salisbury, Maryland 21801","R"
,"b28fbc6d-cf3d-4bf1-a8d8-8d0bfaf40460","2025-04-09T12:30:35Z","2025-04-09T12:30:35Z","d50ecbb2-6384-4cad-a7f8-ae0d593a971e","2nd Maryland","Dutch Ruppersberger (D)","375 West Padonia Road, Suite 200, Timonium, Maryland 21093","D"
,"847780c1-653d-4c1a-804c-5c7adc96f54a","2025-04-09T12:30:35Z","2025-04-09T12:30:35Z","d50ecbb2-6384-4cad-a7f8-ae0d593a971e","3rd Maryland","John Sarbanes (D)","600 Baltimore Avenue, Suite 303, Towson, Maryland 21204","D"
,"bd8e146b-e50f-4f41-b208-0dd3ab538c13","2025-04-09T12:30:35Z","2025-04-09T12:30:35Z","d50ecbb2-6384-4cad-a7f8-ae0d593a971e","4th Maryland","Glenn Ivey (D)","1101 Mercantile Lane, Suite 270, Largo, Maryland 20774","D"
,"da1b23e6-374f-4e07-87b4-2bdaf79ce305","2025-04-09T12:30:35Z","2025-04-09T12:30:35Z","d50ecbb2-6384-4cad-a7f8-ae0d593a971e","5th Maryland","Steny Hoyer (D)","6505 Crain Highway, La Plata, Maryland 20646","D"
,"e707d4dd-02ee-403b-ab4f-643d32f2edf9","2025-04-09T12:30:35Z","2025-04-09T12:30:35Z","d50ecbb2-6384-4cad-a7f8-ae0d593a971e","6th Maryland","David Trone (D)","5301 Buckeystown Pike, Suite 220, Frederick, Maryland 21704","D"
,"a48d2611-91b1-4a4c-95aa-61fec7754777","2025-04-09T12:30:35Z","2025-04-09T12:30:35Z","d50ecbb2-6384-4cad-a7f8-ae0d593a971e","7th Maryland","Kweisi Mfume (D)","1010 Park Avenue, Suite 105, Baltimore, Maryland 21201","D"
,"5203ea01-f751-4a15-b13b-00b010726ecb","2025-04-09T12:30:35Z","2025-04-09T12:30:35Z","d50ecbb2-6384-4cad-a7f8-ae0d593a971e","8th Maryland","Jamie Raskin (D)","51 Monroe Street, Suite 503, Rockville, Maryland 20850","D"
,"157ebd8b-9052-46c0-a233-4a7c80d926b5","2025-04-09T12:30:35Z","2025-04-09T12:30:35Z","d50ecbb2-6384-4cad-a7f8-ae0d593a971e","1st Massachusetts","Richard Neal (D)","300 State Street, Suite 200, Springfield, Massachusetts 1105","D"
,"10b87271-798a-4b12-aea7-2ddc0b4a968e","2025-04-09T12:30:35Z","2025-04-09T12:30:35Z","d50ecbb2-6384-4cad-a7f8-ae0d593a971e","2nd Massachusetts","Jim McGovern (D)","94 Pleasant Street, Northampton, Massachusetts 1060","D"
,"4414fd38-62d1-4971-a688-6031e874ab49","2025-04-09T12:30:35Z","2025-04-09T12:30:35Z","d50ecbb2-6384-4cad-a7f8-ae0d593a971e","3rd Massachusetts","Lori Trahan (D)","126 John Street, Suite 12, Lowell, Massachusetts 1852","D"
,"adacf6d7-3705-4006-81ce-04dbad5e1ecf","2025-04-09T12:30:35Z","2025-04-09T12:30:35Z","d50ecbb2-6384-4cad-a7f8-ae0d593a971e","4th Massachusetts","Jake Auchincloss (D)","29 Crafts Street, Suite 375, Newton, Massachusetts 2458","D"
,"0cfe9935-6dd6-4aa5-a576-46c5fbb908f3","2025-04-09T12:30:35Z","2025-04-09T12:30:35Z","d50ecbb2-6384-4cad-a7f8-ae0d593a971e","5th Massachusetts","Katherine Clark (D)","116 Concord Street, Suite 1, Framingham, Massachusetts 1702","D"
,"5c838553-ec17-4917-9ff9-c95a4b5bd446","2025-04-09T12:30:35Z","2025-04-09T12:30:35Z","d50ecbb2-6384-4cad-a7f8-ae0d593a971e","6th Massachusetts","Seth Moulton (D)","21 Front Street, Salem, Massachusetts 1970","D"
,"09ddf3ad-005f-41f2-a3ca-c9ed0559c963","2025-04-09T12:30:35Z","2025-04-09T12:30:35Z","d50ecbb2-6384-4cad-a7f8-ae0d593a971e","7th Massachusetts","Ayanna Pressley (D)","1700 Dorchester Avenue, Dorchester, Massachusetts 2124","D"
,"ffce0776-4b5f-427a-bb67-9e46a246b19a","2025-04-09T12:30:35Z","2025-04-09T12:30:35Z","d50ecbb2-6384-4cad-a7f8-ae0d593a971e","8th Massachusetts","Stephen Lynch (D)","1 Harbor Street, Suite 304, Boston, Massachusetts 2210","D"
,"e3c91869-89c0-4852-9d76-46f965808656","2025-04-09T12:30:35Z","2025-04-09T12:30:35Z","d50ecbb2-6384-4cad-a7f8-ae0d593a971e","9th Massachusetts","Bill Keating (D)","259 Stevens Street, Suite E, Hyannis, Massachusetts 2601","D"
,"dbbc520e-b151-47b4-89e4-6ac4c7ebbdfb","2025-04-09T12:30:35Z","2025-04-09T12:30:35Z","d50ecbb2-6384-4cad-a7f8-ae0d593a971e","1st Michigan","Jack Bergman (R)","1500 West Washington Street, Suite A, Marquette, Michigan 49855","R"
,"992aafe8-8261-46e9-b42d-75ef97d66d23","2025-04-09T12:30:35Z","2025-04-09T12:30:35Z","d50ecbb2-6384-4cad-a7f8-ae0d593a971e","2nd Michigan","John Moolenaar (R)","200 East Main Street, Suite 230, Midland, Michigan 48640","R"
,"9e2f2d51-e1d9-47df-8992-60248d229410","2025-04-09T12:30:35Z","2025-04-09T12:30:35Z","d50ecbb2-6384-4cad-a7f8-ae0d593a971e","3rd Michigan","Hillary Scholten (D)","110 Michigan Street NW, Suite 102, Grand Rapids, Michigan 49503","D"
,"cbc99134-e253-4fa8-8d2a-ea2250283b4f","2025-04-09T12:30:35Z","2025-04-09T12:30:35Z","d50ecbb2-6384-4cad-a7f8-ae0d593a971e","4th Michigan","Bill Huizenga (R)","4555 Wilson Avenue SW, Suite 3, Grandville, Michigan 49418","R"
,"68b04807-d09c-41c9-97e7-6bbe5ece2e24","2025-04-09T12:30:35Z","2025-04-09T12:30:35Z","d50ecbb2-6384-4cad-a7f8-ae0d593a971e","5th Michigan","Tim Walberg (R)","401 West Michigan Avenue, Jackson, Michigan 49201","R"
,"6974cb80-d885-451e-b31e-feca6146d5b3","2025-04-09T12:30:35Z","2025-04-09T12:30:35Z","d50ecbb2-6384-4cad-a7f8-ae0d593a971e","6th Michigan","Debbie Dingell (D)","1661 North Wayne Road, Westland, Michigan 48185","D"
,"520b0283-3474-415a-b7af-0d479b72cb73","2025-04-09T12:30:35Z","2025-04-09T12:30:35Z","d50ecbb2-6384-4cad-a7f8-ae0d593a971e","7th Michigan","Vacant (D-7) [Elissa Slotkin Resigned - Senator]","301 West Michigan Avenue, Suite 400, Ypsilanti, Michigan 48197","D"
,"c7970e5a-5af3-46a9-b922-84fbac33dc22","2025-04-09T12:30:35Z","2025-04-09T12:30:35Z","d50ecbb2-6384-4cad-a7f8-ae0d593a971e","8th Michigan","Dan Kildee (D)","111 East Court Street, Suite 3B, Flint, Michigan 48502","D"
,"39a31ea7-f32a-47a6-a1dd-c402b5ace6fe","2025-04-09T12:30:35Z","2025-04-09T12:30:35Z","d50ecbb2-6384-4cad-a7f8-ae0d593a971e","9th Michigan","Lisa McClain (R)","6303 26 Mile Road, Suite 120, Shelby Township, Michigan 48316","R"
,"88e37654-11fe-4242-b0c7-47bef24b60f8","2025-04-09T12:30:35Z","2025-04-09T12:30:35Z","d50ecbb2-6384-4cad-a7f8-ae0d593a971e","10th Michigan","John James (R)","38300 Van Dyke Avenue, Suite 101, Sterling Heights, Michigan 48312","R"
,"a8761669-b7bd-4b1f-a477-2080cffef4c6","2025-04-09T12:30:35Z","2025-04-09T12:30:35Z","d50ecbb2-6384-4cad-a7f8-ae0d593a971e","11th Michigan","Haley Stevens (D)","30701 Woodward Avenue, Suite 205, Royal Oak, Michigan 48073","D"
,"6e5cea37-797e-4ebb-a885-1774d34da651","2025-04-09T12:30:35Z","2025-04-09T12:30:35Z","d50ecbb2-6384-4cad-a7f8-ae0d593a971e","12th Michigan","Rashida Tlaib (D)","17199 North Laurel Park Drive, Suite 131, Livonia, Michigan 48152","D"
,"7cdad20e-60fd-45e8-a337-7dbfcdbf3190","2025-04-09T12:30:35Z","2025-04-09T12:30:35Z","d50ecbb2-6384-4cad-a7f8-ae0d593a971e","13th Michigan","Shri Thanedar (D)","400 Monroe Street, Suite 420, Detroit, Michigan 48226","D"
,"df7413cc-cd4d-4f9f-85f6-1ddf720d4ee2","2025-04-09T12:30:35Z","2025-04-09T12:30:35Z","d50ecbb2-6384-4cad-a7f8-ae0d593a971e","1st Minnesota","Brad Finstad (R)","1605 South Broadway, Albert Lea, Minnesota 56007","R"
,"9a3e15bf-a6c4-459e-ab85-8fb44360f29c","2025-04-09T12:30:35Z","2025-04-09T12:30:35Z","d50ecbb2-6384-4cad-a7f8-ae0d593a971e","2nd Minnesota","Angie Craig (D)","12940 Harriet Avenue South, Suite 230, Burnsville, Minnesota 55337","D"
,"4fbdf0c8-6c92-4a7e-b13e-21357e33e689","2025-04-09T12:30:35Z","2025-04-09T12:30:35Z","d50ecbb2-6384-4cad-a7f8-ae0d593a971e","3rd Minnesota","Dean Phillips (D)","13911 Ridgedale Drive, Suite 170, Minnetonka, Minnesota 55305","D"
,"e2a0feda-44e2-4a2e-9f66-1c4096574f59","2025-04-09T12:30:35Z","2025-04-09T12:30:35Z","d50ecbb2-6384-4cad-a7f8-ae0d593a971e","4th Minnesota","Betty McCollum (D)","2421 University Avenue West, Suite 101, St. Paul, Minnesota 55114","D"
,"4e9e8d36-05e8-4a2e-b7e8-97968c6fadb9","2025-04-09T12:30:35Z","2025-04-09T12:30:35Z","d50ecbb2-6384-4cad-a7f8-ae0d593a971e","5th Minnesota","Ilhan Omar (D)","404 3rd Avenue North, Suite 203, Minneapolis, Minnesota 55401","D"
,"9e8d9b7e-05ea-4c4e-8689-1e205426c819","2025-04-09T12:30:35Z","2025-04-09T12:30:35Z","d50ecbb2-6384-4cad-a7f8-ae0d593a971e","6th Minnesota","Tom Emmer (R)","9201 Quaday Avenue NE, Suite 206, Otsego, Minnesota 55330","R"
,"a8b1feda-6f9a-4e8e-9b7e-879e8c6fadb9","2025-04-09T12:30:35Z","2025-04-09T12:30:35Z","d50ecbb2-6384-4cad-a7f8-ae0d593a971e","7th Minnesota","Michelle Fischbach (R)","100 1st Street SE, Suite 105, Willmar, Minnesota 56201","R"
,"e9feda-44e2-4a2e-9f66-1c4096574f59","2025-04-09T12:30:35Z","2025-04-09T12:30:35Z","d50ecbb2-6384-4cad-a7f8-ae0d593a971e","8th Minnesota","Pete Stauber (R)","1902 1st Avenue, Hibbing, Minnesota 55746","R"
,"6f9a4e8e-9b7e-879e-8c6f-adb9a8b1feda","2025-04-09T12:30:35Z","2025-04-09T12:30:35Z","d50ecbb2-6384-4cad-a7f8-ae0d593a971e","1st Mississippi","Trent Kelly (R)","1005 City Avenue North, Ripley, Mississippi 38663","R"
,"4a2e9f66-1c40-9657-4f59-e2a0feda44e2","2025-04-09T12:30:35Z","2025-04-09T12:30:35Z","d50ecbb2-6384-4cad-a7f8-ae0d593a971e","2nd Mississippi","Bennie Thompson (D)","107 West Madison Street, Bolton, Mississippi 39041","D"
,"05ea4c4e-8689-1e20-5426-c8199e8d9b7e","2025-04-09T12:30:35Z","2025-04-09T12:30:35Z","d50ecbb2-6384-4cad-a7f8-ae0d593a971e","3rd Mississippi","Michael Guest (R)","308 East Government Street, Brandon, Mississippi 39042","R"
,"6c92-4a7e-b13e-2135-7e33-e6894fbdf0c8","2025-04-09T12:30:35Z","2025-04-09T12:30:35Z","d50ecbb2-6384-4cad-a7f8-ae0d593a971e","4th Mississippi","Mike Ezell (R)","116 5th Avenue North, Pascagoula, Mississippi 39567","R"
,"879e-8c6f-adb9-a8b1-feda6f9a4e8e","2025-04-09T12:30:35Z","2025-04-09T12:30:35Z","d50ecbb2-6384-4cad-a7f8-ae0d593a971e","1st Missouri","Cori Bush (D)","6724A Page Avenue, St. Louis, Missouri 63133","D"
,"1c40-9657-4f59-e2a0-feda44e24a2e","2025-04-09T12:30:35Z","2025-04-09T12:30:35Z","d50ecbb2-6384-4cad-a7f8-ae0d593a971e","2nd Missouri","Ann Wagner (R)","301 Sovereign Court, Suite 201, Ballwin, Missouri 63011","R"
,"8689-1e20-5426-c819-9e8d9b7e05ea","2025-04-09T12:30:35Z","2025-04-09T12:30:35Z","d50ecbb2-6384-4cad-a7f8-ae0d593a971e","3rd Missouri","Blaine Luetkemeyer (R)","2117 Missouri Boulevard, Jefferson City, Missouri 65109","R"
,"b13e-2135-7e33-e689-4fbdf0c86c92","2025-04-09T12:30:35Z","2025-04-09T12:30:35Z","d50ecbb2-6384-4cad-a7f8-ae0d593a971e","4th Missouri","Mark Alford (R)","1600 NE Coronado Drive, Suite 301, Blue Springs, Missouri 64014","R"
,"adb9-a8b1-feda-6f9a-4e8e9b7e879e","2025-04-09T12:30:35Z","2025-04-09T12:30:35Z","d50ecbb2-6384-4cad-a7f8-ae0d593a971e","5th Missouri","Emanuel Cleaver (D)","4001 Dr. Martin Luther King Jr. Boulevard, Suite 210, Kansas City, Missouri 64130","D"
,"4f59-e2a0-feda-44e2-4a2e9f661c40","2025-04-09T12:30:35Z","2025-04-09T12:30:35Z","d50ecbb2-6384-4cad-a7f8-ae0d593a971e","6th Missouri","Sam Graves (R)","11724 NW Plaza Circle, Suite 700, Kansas City, Missouri 64153","R"
,"5426-c819-9e8d-9b7e-05ea4c4e8689","2025-04-09T12:30:35Z","2025-04-09T12:30:35Z","d50ecbb2-6384-4cad-a7f8-ae0d593a971e","7th Missouri","Eric Burlison (R)","2727 East 32nd Street, Suite 2, Joplin, Missouri 64804","R"
,"e689-4fbd-f0c8-6c92-4a7eb13e2135","2025-04-09T12:30:35Z","2025-04-09T12:30:35Z","d50ecbb2-6384-4cad-a7f8-ae0d593a971e","8th Missouri","Jason Smith (R)","2502 Tanner Drive, Suite 205, Cape Girardeau, Missouri 63703","R"
,"feda-6f9a-4e8e-9b7e-879e8c6fadb9","2025-04-09T12:30:35Z","2025-04-09T12:30:35Z","d50ecbb2-6384-4cad-a7f8-ae0d593a971e","1st Montana","Ryan Zinke (R)","404 North 31st Street, Suite 216, Billings, Montana 59101","R"
,"e2a0-feda-44e2-4a2e-9f66-1c409657","2025-04-09T12:30:35Z","2025-04-09T12:30:35Z","d50ecbb2-6384-4cad-a7f8-ae0d593a971e","2nd Montana","Matt Rosendale (R)","324 West Main Street, Bozeman, Montana 59715","R"
,"9e8d-9b7e-05ea-4c4e-86891e205426","2025-04-09T12:30:35Z","2025-04-09T12:30:35Z","d50ecbb2-6384-4cad-a7f8-ae0d593a971e","1st Nebraska","Mike Flood (R)","2501 North Lincoln Avenue, Fremont, Nebraska 68025","R"
,"4fbd-f0c8-6c92-4a7e-b13e21357e33","2025-04-09T12:30:35Z","2025-04-09T12:30:35Z","d50ecbb2-6384-4cad-a7f8-ae0d593a971e","2nd Nebraska","Don Bacon (R)","13906 Gold Circle, Suite 101, Omaha, Nebraska 68144","R"
,"6f9a-4e8e-9b7e-879e-8c6f-adb9a8b1","2025-04-09T12:30:35Z","2025-04-09T12:30:35Z","d50ecbb2-6384-4cad-a7f8-ae0d593a971e","3rd Nebraska","Adrian Smith (R)","416 Valley View Drive, Suite 600, Scottsbluff, Nebraska 69361","R"
,"44e2-4a2e-9f66-1c40-96574f59e2a0","2025-04-09T12:30:35Z","2025-04-09T12:30:35Z","d50ecbb2-6384-4cad-a7f8-ae0d593a971e","1st Nevada","Dina Titus (D)","495 South Main Street, 3rd Floor, Las Vegas, Nevada 89101","D"
,"05ea-4c4e-8689-1e20-5426c8199e8d","2025-04-09T12:30:35Z","2025-04-09T12:30:35Z","d50ecbb2-6384-4cad-a7f8-ae0d593a971e","2nd Nevada","Mark Amodei (R)","905 Railroad Street, Suite 104D, Elko, Nevada 89801","R"
,"6c92-4a7e-b13e-2135-7e33e6894fbd","2025-04-09T12:30:35Z","2025-04-09T12:30:35Z","d50ecbb2-6384-4cad-a7f8-ae0d593a971e","3rd Nevada","Susie Lee (D)","8872 South Eastern Avenue, Suite 220, Las Vegas, Nevada 89123","D"
,"879e-8c6f-adb9-a8b1-feda6f9a4e8e","2025-04-09T12:30:35Z","2025-04-09T12:30:35Z","d50ecbb2-6384-4cad-a7f8-ae0d593a971e","4th Nevada","Steven Horsford (D)","2250 North Las Vegas Boulevard, Suite 500, North Las Vegas, Nevada 89030","D"
,"1c40-9657-4f59-e2a0-feda44e24a2e","2025-04-09T12:30:35Z","2025-04-09T12:30:35Z","d50ecbb2-6384-4cad-a7f8-ae0d593a971e","1st New Hampshire","Chris Pappas (D)","660 Central Avenue, Suite 101, Dover, New Hampshire 3820","D"
,"8689-1e20-5426-c819-9e8d9b7e05ea","2025-04-09T12:36:08Z","2025-04-09T12:36:08Z","d50ecbb2-6384-4cad-a7f8-ae0d593a971e","2nd New Hampshire","Ann McLane Kuster (D)","80 Daniel Street, Suite 1, Portsmouth, New Hampshire 3801","D"
,"b13e-2135-7e33-e689-4fbdf0c86c92","2025-04-09T12:36:08Z","2025-04-09T12:36:08Z","d50ecbb2-6384-4cad-a7f8-ae0d593a971e","1st New Jersey","Donald Norcross (D)","10 Melrose Avenue, Suite 210, Cherry Hill, New Jersey 8003","D"
,"adb9-a8b1-feda-6f9a-4e8e9b7e879e","2025-04-09T12:36:08Z","2025-04-09T12:36:08Z","d50ecbb2-6384-4cad-a7f8-ae0d593a971e","2nd New Jersey","Jeff Van Drew (R)","1237 Route 9 South, Cape May Court House, New Jersey 8210","R"
,"4f59-e2a0-feda-44e2-4a2e9f661c40","2025-04-09T12:36:08Z","2025-04-09T12:36:08Z","d50ecbb2-6384-4cad-a7f8-ae0d593a971e","3rd New Jersey","Vacant (D-3) [Andy Kim Resigned - Senator]","83 Princeton Avenue, Suite 3A, Hopewell, New Jersey 8525","D"
,"5426-c819-9e8d-9b7e-05ea4c4e8689","2025-04-09T12:36:08Z","2025-04-09T12:36:08Z","d50ecbb2-6384-4cad-a7f8-ae0d593a971e","4th New Jersey","Chris Smith (R)","4573 South Broad Street, Suite 100, Hamilton, New Jersey 8620","R"
,"e689-4fbd-f0c8-6c92-4a7eb13e2135","2025-04-09T12:36:08Z","2025-04-09T12:36:08Z","d50ecbb2-6384-4cad-a7f8-ae0d593a971e","5th New Jersey","Josh Gottheimer (D)","65 Harristown Road, Suite 104, Glen Rock, New Jersey 7452","D"
,"feda-6f9a-4e8e-9b7e-879e8c6fadb9","2025-04-09T12:36:08Z","2025-04-09T12:36:08Z","d50ecbb2-6384-4cad-a7f8-ae0d593a971e","6th New Jersey","Frank Pallone (D)","67/69 Church Street, New Brunswick, New Jersey 8901","D"
,"e2a0-feda-44e2-4a2e-9f66-1c409657","2025-04-09T12:36:08Z","2025-04-09T12:36:08Z","d50ecbb2-6384-4cad-a7f8-ae0d593a971e","7th New Jersey","Tom Kean Jr. (R)","75 Claremont Road, Suite 204, Bernardsville, New Jersey 7924","R"
,"9e8d-9b7e-05ea-4c4e-86891e205426","2025-04-09T12:36:08Z","2025-04-09T12:36:08Z","d50ecbb2-6384-4cad-a7f8-ae0d593a971e","8th New Jersey","Rob Menendez (D)","400 Market Street, 2nd Floor, Newark, New Jersey 7105","D"
,"4fbd-f0c8-6c92-4a7e-b13e21357e33","2025-04-09T12:36:08Z","2025-04-09T12:36:08Z","d50ecbb2-6384-4cad-a7f8-ae0d593a971e","9th New Jersey","Vacant (D-9) [Bill Pascrell Jr. Deceased]","200 Federal Plaza, Suite 500, Paterson, New Jersey 7505","D"
,"new-uuid-0001-4c4e-8689-1e205426c819","2025-04-09T12:36:08Z","2025-04-09T12:36:08Z","d50ecbb2-6384-4cad-a7f8-ae0d593a971e","10th New Jersey","LaMonica McIver (D)","60 Nelson Place, 14th Floor, Newark, New Jersey 7102","D"
,"6f9a-4e8e-9b7e-879e-8c6f-adb9a8b1","2025-04-09T12:36:08Z","2025-04-09T12:36:08Z","d50ecbb2-6384-4cad-a7f8-ae0d593a971e","11th New Jersey","Mikie Sherrill (D)","357 South Livingston Avenue, Suite 2B, Livingston, New Jersey 7039","D"
,"44e2-4a2e-9f66-1c40-96574f59e2a0","2025-04-09T12:36:08Z","2025-04-09T12:36:08Z","d50ecbb2-6384-4cad-a7f8-ae0d593a971e","12th New Jersey","Bonnie Watson Coleman (D)","850 Bear Tavern Road, Suite 201, Ewing, New Jersey 8628","D"
,"05ea-4c4e-8689-1e20-5426c8199e8d","2025-04-09T12:36:08Z","2025-04-09T12:36:08Z","d50ecbb2-6384-4cad-a7f8-ae0d593a971e","1st New Mexico","Teresa Leger Fernández (D)","3200 Civic Center Circle NE, Suite 330, Rio Rancho, New Mexico 87144","D"
,"6c92-4a7e-b13e-2135-7e33e6894fbd","2025-04-09T12:36:08Z","2025-04-09T12:36:08Z","d50ecbb2-6384-4cad-a7f8-ae0d593a971e","2nd New Mexico","Gabe Vasquez (D)","201 North Church Street, Suite 300B, Las Cruces, New Mexico 88001","D"
,"879e-8c6f-adb9-a8b1-feda6f9a4e8e","2025-04-09T12:36:08Z","2025-04-09T12:36:08Z","d50ecbb2-6384-4cad-a7f8-ae0d593a971e","3rd New Mexico","Melanie Stansbury (D)","6301 Indian School Road NE, Suite 610, Albuquerque, New Mexico 87110","D"
,"1c40-9657-4f59-e2a0-feda44e24a2e","2025-04-09T12:36:08Z","2025-04-09T12:36:08Z","d50ecbb2-6384-4cad-a7f8-ae0d593a971e","1st New York","Nick LaLota (R)","30 West Main Street, Suite 202, Riverhead, New York 11901","R"
,"8689-1e20-5426-c819-9e8d9b7e05ea","2025-04-09T12:36:08Z","2025-04-09T12:36:08Z","d50ecbb2-6384-4cad-a7f8-ae0d593a971e","2nd New York","Andrew Garbarino (R)","1003 Park Boulevard, Massapequa Park, New York 11762","R"
,"b13e-2135-7e33-e689-4fbdf0c86c92","2025-04-09T12:36:08Z","2025-04-09T12:36:08Z","d50ecbb2-6384-4cad-a7f8-ae0d593a971e","3rd New York","Tom Suozzi (D)","478A Park Avenue, Huntington, New York 11743","D"
,"adb9-a8b1-feda-6f9a-4e8e9b7e879e","2025-04-09T12:36:08Z","2025-04-09T12:36:08Z","d50ecbb2-6384-4cad-a7f8-ae0d593a971e","4th New York","Anthony D'Esposito (R)","229 7th Street, Suite 202, Garden City, New York 11530","R"
,"4f59-e2a0-feda-44e2-4a2e9f661c40","2025-04-09T12:36:08Z","2025-04-09T12:36:08Z","d50ecbb2-6384-4cad-a7f8-ae0d593a971e","5th New York","Gregory Meeks (D)","67-12 Rockaway Boulevard, Queens, New York 11434","D"
,"5426-c819-9e8d-9b7e-05ea4c4e8689","2025-04-09T12:36:08Z","2025-04-09T12:36:08Z","d50ecbb2-6384-4cad-a7f8-ae0d593a971e","6th New York","Grace Meng (D)","40-13 159th Street, Suite A, Flushing, New York 11358","D"
,"e689-4fbd-f0c8-6c92-4a7eb13e2135","2025-04-09T12:36:08Z","2025-04-09T12:36:08Z","d50ecbb2-6384-4cad-a7f8-ae0d593a971e","7th New York","Nydia Velázquez (D)","266 Broadway, Suite 201, Brooklyn, New York 11211","D"
,"feda-6f9a-4e8e-9b7e-879e8c6fadb9","2025-04-09T12:36:08Z","2025-04-09T12:36:08Z","d50ecbb2-6384-4cad-a7f8-ae0d593a971e","8th New York","Hakeem Jeffries (D)","445 Neptune Avenue, 1st Floor, Brooklyn, New York 11224","D"
,"new-uuid-0011-4c4e-8689-1e205426c819","2025-04-09T12:36:08Z","2025-04-09T12:36:08Z","d50ecbb2-6384-4cad-a7f8-ae0d593a971e","9th New York","Yvette Clarke (D)","123 Linden Boulevard, 4th Floor, Brooklyn, New York 11226","D"
,"new-uuid-0012-4c4e-8689-1e205426c819","2025-04-09T12:36:08Z","2025-04-09T12:36:08Z","d50ecbb2-6384-4cad-a7f8-ae0d593a971e","10th New York","Daniel Goldman (D)","16 Court Street, Suite 2500, Brooklyn, New York 11241","D"
,"e2a0-feda-44e2-4a2e-9f66-1c409657","2025-04-09T12:36:08Z","2025-04-09T12:36:08Z","d50ecbb2-6384-4cad-a7f8-ae0d593a971e","11th New York","Nicole Malliotakis (R)","7716 3rd Avenue, Brooklyn, New York 11209","R"
,"9e8d-9b7e-05ea-4c4e-86891e205426","2025-04-09T12:36:08Z","2025-04-09T12:36:08Z","d50ecbb2-6384-4cad-a7f8-ae0d593a971e","12th New York","Jerrold Nadler (D)","201 Varick Street, Suite 669, New York, New York 10014","D"
,"4fbd-f0c8-6c92-4a7e-b13e21357e33","2025-04-09T12:36:08Z","2025-04-09T12:36:08Z","d50ecbb2-6384-4cad-a7f8-ae0d593a971e","13th New York","Adriano Espaillat (D)","163 West 125th Street, Suite 508, New York, New York 10027","D"
,"6f9a-4e8e-9b7e-879e-8c6f-adb9a8b1","2025-04-09T12:36:08Z","2025-04-09T12:36:08Z","d50ecbb2-6384-4cad-a7f8-ae0d593a971e","14th New York","Alexandria Ocasio-Cortez (D)","74-09 37th Avenue, Suite 305, Jackson Heights, New York 11372","D"
,"44e2-4a2e-9f66-1c40-96574f59e2a0","2025-04-09T12:36:08Z","2025-04-09T12:36:08Z","d50ecbb2-6384-4cad-a7f8-ae0d593a971e","15th New York","Ritchie Torres (D)","1231 Lafayette Avenue, 4th Floor, Bronx, New York 10474","D"
,"05ea-4c4e-8689-1e20-5426c8199e8d","2025-04-09T12:36:08Z","2025-04-09T12:36:08Z","d50ecbb2-6384-4cad-a7f8-ae0d593a971e","16th New York","Jamaal Bowman (D)","222 Mamaroneck Avenue, Suite 312, White Plains, New York 10605","D"
,"6c92-4a7e-b13e-2135-7e33e6894fbd","2025-04-09T12:36:08Z","2025-04-09T12:36:08Z","d50ecbb2-6384-4cad-a7f8-ae0d593a971e","17th New York","Mike Lawler (R)","222 Mamaroneck Avenue, Suite 305, White Plains, New York 10605","R"
,"879e-8c6f-adb9-a8b1-feda6f9a4e8e","2025-04-09T12:36:08Z","2025-04-09T12:36:08Z","d50ecbb2-6384-4cad-a7f8-ae0d593a971e","18th New York","Pat Ryan (D)","2568 Route 9W, Cornwall, New York 12518","D"
,"1c40-9657-4f59-e2a0-feda44e24a2e","2025-04-09T12:36:08Z","2025-04-09T12:36:08Z","d50ecbb2-6384-4cad-a7f8-ae0d593a971e","19th New York","Marc Molinaro (R)","49 Court Street, Binghamton, New York 13901","R"
,"8689-1e20-5426-c819-9e8d9b7e05ea","2025-04-09T12:36:08Z","2025-04-09T12:36:08Z","d50ecbb2-6384-4cad-a7f8-ae0d593a971e","20th New York","Paul Tonko (D)","19 Dove Street, Suite 302, Albany, New York 12210","D"
,"b13e-2135-7e33-e689-4fbdf0c86c92","2025-04-09T12:36:08Z","2025-04-09T12:36:08Z","d50ecbb2-6384-4cad-a7f8-ae0d593a971e","21st New York","Elise Stefanik (R)","88 South Main Street, Canton, New York 13617","R"
,"adb9-a8b1-feda-6f9a-4e8e9b7e879e","2025-04-09T12:36:08Z","2025-04-09T12:36:08Z","d50ecbb2-6384-4cad-a7f8-ae0d593a971e","22nd New York","Brandon Williams (R)","214 West Genesee Street, Syracuse, New York 13202","R"
,"4f59-e2a0-feda-44e2-4a2e9f661c40","2025-04-09T12:36:08Z","2025-04-09T12:36:08Z","d50ecbb2-6384-4cad-a7f8-ae0d593a971e","23rd New York","Nick Langworthy (R)","8203 Main Street, Suite 2, Williamsville, New York 14221","R"
,"5426-c819-9e8d-9b7e-05ea4c4e8689","2025-04-09T12:36:08Z","2025-04-09T12:36:08Z","d50ecbb2-6384-4cad-a7f8-ae0d593a971e","24th New York","Claudia Tenney (R)","555 French Road, Suite 101, New Hartford, New York 13413","R"
,"e689-4fbd-f0c8-6c92-4a7eb13e2135","2025-04-09T12:36:08Z","2025-04-09T12:36:08Z","d50ecbb2-6384-4cad-a7f8-ae0d593a971e","25th New York","Joseph Morelle (D)","3120 Federal Building, 100 State Street, Rochester, New York 14614","D"
,"feda-6f9a-4e8e-9b7e-879e8c6fadb9","2025-04-09T12:36:08Z","2025-04-09T12:36:08Z","d50ecbb2-6384-4cad-a7f8-ae0d593a971e","26th New York","Timothy Kennedy (D)","726 Exchange Street, Suite 601, Buffalo, New York 14210","D"
,"e2a0-feda-44e2-4a2e-9f66-1c409657","2025-04-09T12:36:08Z","2025-04-09T12:36:08Z","d50ecbb2-6384-4cad-a7f8-ae0d593a971e","1st North Carolina","Don Davis (D)","1710 East Arlington Boulevard, Suite A, Greenville, North Carolina 27858","D"
,"9e8d-9b7e-05ea-4c4e-86891e205426","2025-04-09T12:36:08Z","2025-04-09T12:36:08Z","d50ecbb2-6384-4cad-a7f8-ae0d593a971e","2nd North Carolina","Deborah Ross (D)","300 Fayetteville Street, Suite 510, Raleigh, North Carolina 27601","D"
,"4fbd-f0c8-6c92-4a7e-b13e21357e33","2025-04-09T12:36:08Z","2025-04-09T12:36:08Z","d50ecbb2-6384-4cad-a7f8-ae0d593a971e","3rd North Carolina","Greg Murphy (R)","311 West Main Street, Havelock, North Carolina 28532","R"
,"6f9a-4e8e-9b7e-879e-8c6f-adb9a8b1","2025-04-09T12:36:08Z","2025-04-09T12:36:08Z","d50ecbb2-6384-4cad-a7f8-ae0d593a971e","4th North Carolina","Valerie Foushee (D)","300 West Hargett Street, Suite 306, Raleigh, North Carolina 27601","D"
,"44e2-4a2e-9f66-1c40-96574f59e2a0","2025-04-09T12:36:08Z","2025-04-09T12:36:08Z","d50ecbb2-6384-4cad-a7f8-ae0d593a971e","5th North Carolina","Virginia Foxx (R)","3540 Clemmons Road, Suite 125, Clemmons, North Carolina 27012","R"
,"05ea-4c4e-8689-1e20-5426c8199e8d","2025-04-09T12:36:08Z","2025-04-09T12:36:08Z","d50ecbb2-6384-4cad-a7f8-ae0d593a971e","6th North Carolina","Kathy Manning (D)","100 South Elm Street, Suite 535, Greensboro, North Carolina 27401","D"
,"6c92-4a7e-b13e-2135-7e33e6894fbd","2025-04-09T12:36:08Z","2025-04-09T12:36:08Z","d50ecbb2-6384-4cad-a7f8-ae0d593a971e","7th North Carolina","David Rouzer (R)","310 Government Center Drive, Unit 1, Wilmington, North Carolina 28403","R"
,"new-uuid-0002-4c4e-8689-1e205426c819","2025-04-09T12:36:08Z","2025-04-09T12:36:08Z","d50ecbb2-6384-4cad-a7f8-ae0d593a971e","8th North Carolina","Dan Bishop (R)","105 West Eden Street, Edenton, North Carolina 27932","R"
,"new-uuid-0003-4c4e-8689-1e205426c819","2025-04-09T12:36:08Z","2025-04-09T12:36:08Z","d50ecbb2-6384-4cad-a7f8-ae0d593a971e","9th North Carolina","Richard Hudson (R)","225 Green Street, Suite 202, Fayetteville, North Carolina 28301","R"
,"new-uuid-0004-4c4e-8689-1e205426c819","2025-04-09T12:36:08Z","2025-04-09T12:36:08Z","d50ecbb2-6384-4cad-a7f8-ae0d593a971e","10th North Carolina","Patrick McHenry (R)","1990 Main Avenue SE, Hickory, North Carolina 28602","R"
,"new-uuid-0005-4c4e-8689-1e205426c819","2025-04-09T12:36:08Z","2025-04-09T12:36:08Z","d50ecbb2-6384-4cad-a7f8-ae0d593a971e","11th North Carolina","Chuck Edwards (R)","200 North Grove Street, Suite 102, Hendersonville, North Carolina 28792","R"
,"new-uuid-0006-4c4e-8689-1e205426c819","2025-04-09T12:36:08Z","2025-04-09T12:36:08Z","d50ecbb2-6384-4cad-a7f8-ae0d593a971e","12th North Carolina","Alma Adams (D)","321 McCullough Drive, Suite 220, Charlotte, North Carolina 28262","D"
,"new-uuid-0007-4c4e-8689-1e205426c819","2025-04-09T12:36:08Z","2025-04-09T12:36:08Z","d50ecbb2-6384-4cad-a7f8-ae0d593a971e","13th North Carolina","Wiley Nickel (D)","1100 Navaho Drive, Suite 107, Raleigh, North Carolina 27609","D"
,"new-uuid-0008-4c4e-8689-1e205426c819","2025-04-09T12:36:08Z","2025-04-09T12:36:08Z","d50ecbb2-6384-4cad-a7f8-ae0d593a971e","14th North Carolina","Jeff Jackson (D)","2701 Freedom Drive, Suite 3, Charlotte, North Carolina 28208","D"
,"new-uuid-0010-4c4e-8689-1e205426c819","2025-04-09T12:36:08Z","2025-04-09T12:36:08Z","d50ecbb2-6384-4cad-a7f8-ae0d593a971e","Northern Mariana Islands","Gregorio Sablan (D-AL)","P.O. Box 504687, Saipan, Northern Mariana Islands 96950","D"
,"e6086f94-182d-49c4-9647-c493f35610a6","2025-04-09T12:36:08Z","2025-04-09T12:36:08Z","d50ecbb2-6384-4cad-a7f8-ae0d593a971e","2nd Ohio","Brad Wenstrup (R)","7954 Beechmont Avenue, Suite 200, Cincinnati, Ohio 45255","R"
,"3acd7b19-7ae8-453a-93cf-eb55b2b88a95","2025-04-09T12:36:08Z","2025-04-09T12:36:08Z","d50ecbb2-6384-4cad-a7f8-ae0d593a971e","3rd Ohio","Joyce Beatty (D)","471 East Broad Street, Suite 1100, Columbus, Ohio 43215","D"
,"9f51f598-1040-41fe-aae4-de3b1ff6efbc","2025-04-09T12:36:08Z","2025-04-09T12:36:08Z","d50ecbb2-6384-4cad-a7f8-ae0d593a971e","1st Ohio","Greg Landsman (D)","65 East State Street, Suite 1710, Columbus, Ohio 43215","D"
,"cde7df51-8bae-46b2-ab45-62d866af497e","2025-04-09T12:39:22Z","2025-04-09T12:39:22Z","d50ecbb2-6384-4cad-a7f8-ae0d593a971e","4th Ohio","Jim Jordan (R)","100 East Main Street, Room 224, Norwalk, Ohio 44857","R"
,"432b176b-be2f-477a-843a-35efcd81dbdf","2025-04-09T12:39:22Z","2025-04-09T12:39:22Z","d50ecbb2-6384-4cad-a7f8-ae0d593a971e","5th Ohio","Bob Latta (R)","101 Clinton Street, Suite 1200, Defiance, Ohio 43512","R"
,"95ab0c1a-9e2d-4dbf-b281-c2afca4b65a5","2025-04-09T12:39:22Z","2025-04-09T12:39:22Z","d50ecbb2-6384-4cad-a7f8-ae0d593a971e","6th Ohio","Bill Johnson (R)","246 Front Street, Marietta, Ohio 45750","R"
,"f9102342-502d-452b-9bd7-16c12293d326","2025-04-09T12:39:22Z","2025-04-09T12:39:22Z","d50ecbb2-6384-4cad-a7f8-ae0d593a971e","7th Ohio","Max Miller (R)","16774 Chippewa Road, Suite 1, Shreve, Ohio 44676","R"
,"1015a2c9-e6bb-44f3-b66d-948fd91aa386","2025-04-09T12:39:22Z","2025-04-09T12:39:22Z","d50ecbb2-6384-4cad-a7f8-ae0d593a971e","8th Ohio","Warren Davidson (R)","20 High Street, Suite 200, Hamilton, Ohio 45011","R"
,"48a8c4db-e398-4b01-bdb8-a38f51b5540e","2025-04-09T12:39:22Z","2025-04-09T12:39:22Z","d50ecbb2-6384-4cad-a7f8-ae0d593a971e","9th Ohio","Marcy Kaptur (D)","One Maritime Plaza, 6th Floor, Toledo, Ohio 43604","D"
,"6ce1c1cc-3dd2-4f45-8180-017dce635436","2025-04-09T12:39:22Z","2025-04-09T12:39:22Z","d50ecbb2-6384-4cad-a7f8-ae0d593a971e","10th Ohio","Mike Turner (R)","120 West 3rd Street, Suite 305, Dayton, Ohio 45402","R"
,"6ab9e5e1-8ec3-4b70-9e7f-9393cfbac55e","2025-04-09T12:39:22Z","2025-04-09T12:39:22Z","d50ecbb2-6384-4cad-a7f8-ae0d593a971e","11th Ohio","Shontel Brown (D)","4834 Richmond Road, Suite 150, Cleveland, Ohio 44128","D"
,"ae786638-c3e0-4657-96ff-897015a4fee6","2025-04-09T12:39:22Z","2025-04-09T12:39:22Z","d50ecbb2-6384-4cad-a7f8-ae0d593a971e","12th Ohio","Troy Balderson (R)","250 East Wilson Bridge Road, Suite 100, Worthington, Ohio 43085","R"
,"9bcfc8eb-bd9f-48bf-9d92-446744d56812","2025-04-09T12:39:22Z","2025-04-09T12:39:22Z","d50ecbb2-6384-4cad-a7f8-ae0d593a971e","13th Ohio","Emilia Sykes (D)","12 East Exchange Street, 3rd Floor, Akron, Ohio 44308","D"
,"26b372b3-5e06-43c7-a0b8-a6980785787b","2025-04-09T12:39:22Z","2025-04-09T12:39:22Z","d50ecbb2-6384-4cad-a7f8-ae0d593a971e","14th Ohio","David Joyce (R)","10075 Ravenna Road, Twinsburg, Ohio 44087","R"
,"53ac217e-3217-4b48-b5b1-1a7378936094","2025-04-09T12:39:22Z","2025-04-09T12:39:22Z","d50ecbb2-6384-4cad-a7f8-ae0d593a971e","15th Ohio","Mike Carey (R)","258 Front Street, Marietta, Ohio 45750","R"
,"0b395dc0-767a-41b3-ae4b-c2111c1d0296","2025-04-09T12:39:22Z","2025-04-09T12:39:22Z","d50ecbb2-6384-4cad-a7f8-ae0d593a971e","1st Oklahoma","Kevin Hern (R)","2424 East 21st Street, Suite 510, Tulsa, Oklahoma 74114","R"
,"c9ff2435-8b2a-434e-be7e-74f57327f8d4","2025-04-09T12:39:22Z","2025-04-09T12:39:22Z","d50ecbb2-6384-4cad-a7f8-ae0d593a971e","2nd Oklahoma","Josh Brecheen (R)","215 State Avenue, Suite 404, Muskogee, Oklahoma 74401","R"
,"c7823215-0819-42cd-a5af-47d614e5bc6b","2025-04-09T12:39:22Z","2025-04-09T12:39:22Z","d50ecbb2-6384-4cad-a7f8-ae0d593a971e","3rd Oklahoma","Frank Lucas (R)","10952 Northwest Expressway, Suite B, Yukon, Oklahoma 73099","R"
,"79c9e8d6-2f38-46f9-a923-28130133cfda","2025-04-09T12:39:22Z","2025-04-09T12:39:22Z","d50ecbb2-6384-4cad-a7f8-ae0d593a971e","4th Oklahoma","Tom Cole (R)","2424 SW 44th Street, Oklahoma City, Oklahoma 73119","R"
,"adbd0aa5-bb15-48c3-879f-cdc10cdaf9d3","2025-04-09T12:39:22Z","2025-04-09T12:39:22Z","d50ecbb2-6384-4cad-a7f8-ae0d593a971e","5th Oklahoma","Stephanie Bice (R)","1 NE 2nd Street, Suite 100, Oklahoma City, Oklahoma 73102","R"
,"6e5d3d0c-e9f2-4c03-af6d-de421fc00dcd","2025-04-09T12:39:22Z","2025-04-09T12:39:22Z","d50ecbb2-6384-4cad-a7f8-ae0d593a971e","1st Oregon","Andrea Salinas (D)","707 13th Street SE, Suite 285, Salem, Oregon 97301","D"
,"df97d015-651e-4274-b90c-b941355f7e35","2025-04-09T12:39:22Z","2025-04-09T12:39:22Z","d50ecbb2-6384-4cad-a7f8-ae0d593a971e","2nd Oregon","Cliff Bentz (R)","117 NE 5th Street, Hermiston, Oregon 97838","R"
,"bf3f5942-6da8-4df1-8fbe-8bbdee9ab312","2025-04-09T12:39:22Z","2025-04-09T12:39:22Z","d50ecbb2-6384-4cad-a7f8-ae0d593a971e","3rd Oregon","Earl Blumenauer (D)","911 NE 11th Avenue, Suite 200, Portland, Oregon 97232","D"
,"60206d94-cc8b-42f6-8fa2-7f6c2053ec49","2025-04-09T12:39:22Z","2025-04-09T12:39:22Z","d50ecbb2-6384-4cad-a7f8-ae0d593a971e","4th Oregon","Val Hoyle (D)","405 East 8th Avenue, Suite 2030, Eugene, Oregon 97401","D"
,"4fe739e3-e63c-45e7-8448-76db3c94e671","2025-04-09T12:39:22Z","2025-04-09T12:39:22Z","d50ecbb2-6384-4cad-a7f8-ae0d593a971e","5th Oregon","Lori Chavez-DeRemer (R)","17700 SE Mill Plain Boulevard, Suite 150, Vancouver, Oregon 98683","R"
,"05794dbd-10e5-4714-aba8-187e52a96569","2025-04-09T12:39:22Z","2025-04-09T12:39:22Z","d50ecbb2-6384-4cad-a7f8-ae0d593a971e","6th Oregon","Mike Erickson (R)","621 SW Morrison Street, Suite 1250, Portland, Oregon 97205","R"
,"983c6b26-b958-44df-9cb8-3e5b8305dea3","2025-04-09T12:39:22Z","2025-04-09T12:39:22Z","d50ecbb2-6384-4cad-a7f8-ae0d593a971e","1st Pennsylvania","Brian Fitzpatrick (R)","1717 Langhorne Newtown Road, Suite 400, Langhorne, Pennsylvania 19047","R"
,"4ede97ca-4db3-4ade-aba7-271b8786f79d","2025-04-09T12:39:22Z","2025-04-09T12:39:22Z","d50ecbb2-6384-4cad-a7f8-ae0d593a971e","2nd Pennsylvania","Brendan Boyle (D)","2375 Woodward Street, Suite 105, Philadelphia, Pennsylvania 19115","D"
,"f692c70a-e09d-47b8-bf5c-ddeedc85e212","2025-04-09T12:39:22Z","2025-04-09T12:39:22Z","d50ecbb2-6384-4cad-a7f8-ae0d593a971e","3rd Pennsylvania","Dwight Evans (D)","7174 Ogontz Avenue, Philadelphia, Pennsylvania 19138","D"
,"04aca4b3-ed0a-4d51-ae9a-cb204ff44643","2025-04-09T12:39:22Z","2025-04-09T12:39:22Z","d50ecbb2-6384-4cad-a7f8-ae0d593a971e","4th Pennsylvania","Madeleine Dean (D)","101 East Main Street, Suite A, Norristown, Pennsylvania 19401","D"
,"460e84f7-28d9-4b78-bfe1-63455e2f4d4b","2025-04-09T12:39:22Z","2025-04-09T12:39:22Z","d50ecbb2-6384-4cad-a7f8-ae0d593a971e","5th Pennsylvania","Mary Gay Scanlon (D)","600 Baltimore Pike, Folcroft, Pennsylvania 19032","D"
,"6f399c4c-bb46-40a4-b155-0d9b3adaf531","2025-04-09T12:39:22Z","2025-04-09T12:39:22Z","d50ecbb2-6384-4cad-a7f8-ae0d593a971e","6th Pennsylvania","Chrissy Houlahan (D)","709 East Gay Street, 2nd Floor, West Chester, Pennsylvania 19380","D"
,"1deae8be-6bcf-403c-9d6c-ab3cacfc8cac","2025-04-09T12:39:22Z","2025-04-09T12:39:22Z","d50ecbb2-6384-4cad-a7f8-ae0d593a971e","7th Pennsylvania","Susan Wild (D)","840 West Hamilton Street, Suite 303, Allentown, Pennsylvania 18101","D"
,"b7e1e8ff-54f3-4e67-afb1-f11e3fbb79c9","2025-04-09T12:39:22Z","2025-04-09T12:39:22Z","d50ecbb2-6384-4cad-a7f8-ae0d593a971e","8th Pennsylvania","Matt Cartwright (D)","1 South Church Street, Suite 100, Hazleton, Pennsylvania 18201","D"
,"4dfd22e0-3eb1-49a5-aeac-3c61a631c98b","2025-04-09T12:39:22Z","2025-04-09T12:39:22Z","d50ecbb2-6384-4cad-a7f8-ae0d593a971e","9th Pennsylvania","Dan Meuser (R)","121 Progress Avenue, Suite 110, Pottsville, Pennsylvania 17901","R"
,"a07d13ba-17ce-4ef2-9daa-3fe15459669a","2025-04-09T12:39:22Z","2025-04-09T12:39:22Z","d50ecbb2-6384-4cad-a7f8-ae0d593a971e","10th Pennsylvania","Scott Perry (R)","800 Corporate Circle, Suite 202, Harrisburg, Pennsylvania 17110","R"
,"a483fea2-c874-49c6-8d53-dbd7c5e8e7f3","2025-04-09T12:39:22Z","2025-04-09T12:39:22Z","d50ecbb2-6384-4cad-a7f8-ae0d593a971e","11th Pennsylvania","Lloyd Smucker (R)","51 South Duke Street, Suite 201, Lancaster, Pennsylvania 17602","R"
,"25b5d34a-8dc4-4e3c-a496-a76c16ae823e","2025-04-09T12:39:22Z","2025-04-09T12:39:22Z","d50ecbb2-6384-4cad-a7f8-ae0d593a971e","12th Pennsylvania","Summer Lee (D)","310 Grant Street, Suite 3130, Pittsburgh, Pennsylvania 15219","D"
,"3b690aed-55d6-468e-9a82-d40b96f36465","2025-04-09T12:39:22Z","2025-04-09T12:39:22Z","d50ecbb2-6384-4cad-a7f8-ae0d593a971e","13th Pennsylvania","John Joyce (R)","647 Philadelphia Street, Indiana, Pennsylvania 15701","R"
,"c779230c-7b98-4f6e-b221-fd900d14309e","2025-04-09T12:39:22Z","2025-04-09T12:39:22Z","d50ecbb2-6384-4cad-a7f8-ae0d593a971e","14th Pennsylvania","Guy Reschenthaler (R)","140 Federal Street, Suite 2410, Pittsburgh, Pennsylvania 15212","R"
,"a575992c-9740-400d-95d4-c65606770fba","2025-04-09T12:39:22Z","2025-04-09T12:39:22Z","d50ecbb2-6384-4cad-a7f8-ae0d593a971e","15th Pennsylvania","Glenn Thompson (R)","3555 Benner Pike, Suite 101, Bellefonte, Pennsylvania 16823","R"
,"e3bc1e7a-927f-497f-9ad1-541cf356d3ab","2025-04-09T12:39:22Z","2025-04-09T12:39:22Z","d50ecbb2-6384-4cad-a7f8-ae0d593a971e","16th Pennsylvania","Mike Kelly (R)","1905 East Bayfront Parkway, Erie, Pennsylvania 16507","R"
,"56eed0ce-2876-4958-b7f5-f1d8cfdc429c","2025-04-09T12:39:22Z","2025-04-09T12:39:22Z","d50ecbb2-6384-4cad-a7f8-ae0d593a971e","17th Pennsylvania","Christopher Deluzio (D)","1000 Liberty Avenue, Suite 615, Pittsburgh, Pennsylvania 15222","D"
,"dacf0a8f-a39d-4609-9ef0-caeec282522d","2025-04-09T12:39:22Z","2025-04-09T12:39:22Z","d50ecbb2-6384-4cad-a7f8-ae0d593a971e","Puerto Rico","Jenniffer González-Colón (R-AL)","Ave. De la Constitución, San Juan, Puerto Rico 00901","R"
,"c617bba3-0235-4b30-a2cd-4f079dd1cddb","2025-04-09T12:39:22Z","2025-04-09T12:39:22Z","d50ecbb2-6384-4cad-a7f8-ae0d593a971e","1st Rhode Island","Gabe Amo (D)","1 Cookson Place, Providence, Rhode Island 2903","D"
,"d9397657-7b0f-4e2a-a304-a075d6cff0ee","2025-04-09T12:39:22Z","2025-04-09T12:39:22Z","d50ecbb2-6384-4cad-a7f8-ae0d593a971e","2nd Rhode Island","Seth Magaziner (D)","171 Westminster Street, Suite 501, Providence, Rhode Island 2903","D"
,"bbcdcdbc-c4e3-407f-b525-78c5f515228c","2025-04-09T12:39:22Z","2025-04-09T12:39:22Z","d50ecbb2-6384-4cad-a7f8-ae0d593a971e","1st South Carolina","Nancy Mace (R)","530 Johnnie Dodds Boulevard, Suite 201, Mount Pleasant, South Carolina 29464","R"
,"d89a2d19-6448-4680-8dc3-1801e8d89f4b","2025-04-09T12:39:22Z","2025-04-09T12:39:22Z","d50ecbb2-6384-4cad-a7f8-ae0d593a971e","2nd South Carolina","Joe Wilson (R)","1700 Sunset Boulevard, Suite 1, West Columbia, South Carolina 29169","R"
,"62b5a071-a0aa-435e-90dd-e5c845276ce4","2025-04-09T12:39:22Z","2025-04-09T12:39:22Z","d50ecbb2-6384-4cad-a7f8-ae0d593a971e","3rd South Carolina","Jeff Duncan (R)","303 West Beltline Boulevard, Anderson, South Carolina 29625","R"
,"28c5a63c-e105-4f00-a174-b22e2065d078","2025-04-09T12:39:22Z","2025-04-09T12:39:22Z","d50ecbb2-6384-4cad-a7f8-ae0d593a971e","4th South Carolina","William Timmons (R)","101 West Saint John Street, Spartanburg, South Carolina 29306","R"
,"c493ffbf-2fd2-43b6-926b-db71df385fab","2025-04-09T12:39:22Z","2025-04-09T12:39:22Z","d50ecbb2-6384-4cad-a7f8-ae0d593a971e","5th South Carolina","Ralph Norman (R)","454 South Anderson Road, Suite 302B, Rock Hill, South Carolina 29730","R"
,"72530557-5830-42d4-ad38-e087bf512a67","2025-04-09T12:39:22Z","2025-04-09T12:39:22Z","d50ecbb2-6384-4cad-a7f8-ae0d593a971e","6th South Carolina","Jim Clyburn (D)","1225 Lady Street, Suite 200, Columbia, South Carolina 29201","D"
,"dcd1b210-d8aa-4b07-b14b-b0dbbb63743f","2025-04-09T12:39:22Z","2025-04-09T12:39:22Z","d50ecbb2-6384-4cad-a7f8-ae0d593a971e","7th South Carolina","Russell Fry (R)","464 Olanta Highway, Suite A, Pamplico, South Carolina 29583","R"
,"39f905b1-1a62-46a2-9a91-2d68fe6e11c4","2025-04-09T12:39:22Z","2025-04-09T12:39:22Z","d50ecbb2-6384-4cad-a7f8-ae0d593a971e","1st South Dakota","Dusty Johnson (R-AL)","2228 East Highway 50, Suite 2, Yankton, South Dakota 57078","R"
,"f89324fb-50aa-447e-b6dc-67e4b5df2291","2025-04-09T12:39:22Z","2025-04-09T12:39:22Z","d50ecbb2-6384-4cad-a7f8-ae0d593a971e","1st Tennessee","Diana Harshbarger (R)","1105 East Jackson Boulevard, Suite 4, Jonesborough, Tennessee 37659","R"
,"944d93ef-426a-4b19-9d74-a05285157f10","2025-04-09T12:39:22Z","2025-04-09T12:39:22Z","d50ecbb2-6384-4cad-a7f8-ae0d593a971e","2nd Tennessee","Tim Burchett (R)","800 Market Street, Suite 110, Knoxville, Tennessee 37902","R"
,"111a928c-bd4e-4d58-87c8-bf140ed82940","2025-04-09T12:39:22Z","2025-04-09T12:39:22Z","d50ecbb2-6384-4cad-a7f8-ae0d593a971e","3rd Tennessee","Chuck Fleischmann (R)","6 Stone Lake Cove, Crossville, Tennessee 38571","R"
,"9e58644c-046f-42cd-afc1-56f74f5facac","2025-04-09T12:39:22Z","2025-04-09T12:39:22Z","d50ecbb2-6384-4cad-a7f8-ae0d593a971e","4th Tennessee","Scott DesJarlais (R)","301 Keith Street SW, Suite 305, Cleveland, Tennessee 37311","R"
,"0776a03c-abb7-4ed8-a50b-3603b4d6a933","2025-04-09T12:39:22Z","2025-04-09T12:39:22Z","d50ecbb2-6384-4cad-a7f8-ae0d593a971e","5th Tennessee","Andy Ogles (R)","305 Bluewater Drive, Lebanon, Tennessee 37087","R"
,"5779a594-52df-4227-baec-6dda1a004268","2025-04-09T12:39:22Z","2025-04-09T12:39:22Z","d50ecbb2-6384-4cad-a7f8-ae0d593a971e","6th Tennessee","John Rose (R)","100 West 1st North Street, Cookeville, Tennessee 38501","R"
,"4d1d9c6e-9f97-458a-aa13-1fe9f6c62f7d","2025-04-09T12:39:22Z","2025-04-09T12:39:22Z","d50ecbb2-6384-4cad-a7f8-ae0d593a971e","7th Tennessee","Mark Green (R)","128 North 2nd Street, Suite 202, Clarksville, Tennessee 37040","R"
,"00b4fb01-db52-44c1-8ff3-5404d3f1aeae","2025-04-09T12:39:22Z","2025-04-09T12:39:22Z","d50ecbb2-6384-4cad-a7f8-ae0d593a971e","8th Tennessee","David Kustoff (R)","100 Jefferson Street, Suite 131, Jackson, Tennessee 38301","R"
,"851746a9-5be4-436e-9668-20d1a5ab44b7","2025-04-09T12:39:22Z","2025-04-09T12:39:22Z","d50ecbb2-6384-4cad-a7f8-ae0d593a971e","9th Tennessee","Steve Cohen (D)","167 North Main Street, Suite 369, Memphis, Tennessee 38103","D"
,"abdcf0ee-02b7-4b20-85a4-20f570c16ca0","2025-04-09T12:43:21Z","2025-04-09T12:43:21Z","d50ecbb2-6384-4cad-a7f8-ae0d593a971e","1st Texas","Nathaniel Moran (R)","1121 ESE Loop 323, Suite 206, Tyler, Texas 75701","R"
,"115903f9-18aa-40bc-b770-557f6ac784b9","2025-04-09T12:43:21Z","2025-04-09T12:43:21Z","d50ecbb2-6384-4cad-a7f8-ae0d593a971e","2nd Texas","Dan Crenshaw (R)","1849 Kingwood Drive, Suite 105, Kingwood, Texas 77339","R"
,"00b4f21a-322f-444d-bbdc-c73054a368ad","2025-04-09T12:43:21Z","2025-04-09T12:43:21Z","d50ecbb2-6384-4cad-a7f8-ae0d593a971e","3rd Texas","Keith Self (R)","605 East Main Street, Allen, Texas 75002","R"
,"d6bd5e9e-a476-4428-8a0c-1eaca288b9fe","2025-04-09T12:43:21Z","2025-04-09T12:43:21Z","d50ecbb2-6384-4cad-a7f8-ae0d593a971e","4th Texas","Pat Fallon (R)","100 West Houston Street, Suite 220, Sherman, Texas 75090","R"
,"fb0f70d8-2f1c-4e9c-92e1-7c65672c2a82","2025-04-09T12:43:21Z","2025-04-09T12:43:21Z","d50ecbb2-6384-4cad-a7f8-ae0d593a971e","5th Texas","Lance Gooden (R)","100 North Garland Avenue, Suite 308, Garland, Texas 75040","R"
,"7a1ed8d5-cff0-4b5e-9fad-65b24ec69064","2025-04-09T12:43:21Z","2025-04-09T12:43:21Z","d50ecbb2-6384-4cad-a7f8-ae0d593a971e","6th Texas","Jake Ellzey (R)","101 West Main Street, Suite 118, Waxahachie, Texas 75165","R"
,"ea9219c3-1f1e-4abc-bbe1-5a8b693e1bdc","2025-04-09T12:43:21Z","2025-04-09T12:43:21Z","d50ecbb2-6384-4cad-a7f8-ae0d593a971e","7th Texas","Lizzie Fletcher (D)","5599 San Felipe Road, Suite 1000, Houston, Texas 77056","D"
,"a52553be-3ad9-49f7-a500-f106c65819ac","2025-04-09T12:43:21Z","2025-04-09T12:43:21Z","d50ecbb2-6384-4cad-a7f8-ae0d593a971e","8th Texas","Morgan Luttrell (R)","15260 Highway 105 West, Suite 102, Montgomery, Texas 77356","R"
,"ac35ceba-8255-4e5e-8ca2-ae9e4a6173d2","2025-04-09T12:43:21Z","2025-04-09T12:43:21Z","d50ecbb2-6384-4cad-a7f8-ae0d593a971e","9th Texas","Al Green (D)","3003 South Loop West, Suite 460, Houston, Texas 77054","D"
,"3f92175a-3179-4814-a421-2b7da1f5c14a","2025-04-09T12:43:21Z","2025-04-09T12:43:21Z","d50ecbb2-6384-4cad-a7f8-ae0d593a971e","10th Texas","Michael McCaul (R)","9009 Mountain Ridge Drive, Suite 230, Austin, Texas 78759","R"
,"b84e9994-d2bd-4935-b48e-a031891df8d2","2025-04-09T12:43:21Z","2025-04-09T12:43:21Z","d50ecbb2-6384-4cad-a7f8-ae0d593a971e","11th Texas","August Pfluger (R)","508 South Benton Street, San Angelo, Texas 76903","R"
,"4fa488ad-6fe3-4afe-a433-95cef50f021f","2025-04-09T12:43:21Z","2025-04-09T12:43:21Z","d50ecbb2-6384-4cad-a7f8-ae0d593a971e","12th Texas","Kay Granger (R)","1701 River Run Road, Suite 407, Fort Worth, Texas 76107","R"
,"08ff0c3e-22ea-456a-babd-899b2de9b488","2025-04-09T12:43:21Z","2025-04-09T12:43:21Z","d50ecbb2-6384-4cad-a7f8-ae0d593a971e","13th Texas","Ronny Jackson (R)","620 South Taylor Street, Suite 200, Amarillo, Texas 79101","R"
,"ed96b0aa-1748-4b7c-afc4-9d349dbf4416","2025-04-09T12:43:21Z","2025-04-09T12:43:21Z","d50ecbb2-6384-4cad-a7f8-ae0d593a971e","14th Texas","Randy Weber (R)","122 West Way, Suite 301, Lake Jackson, Texas 77566","R"
,"a79f291b-866f-4ca3-8b2b-1173bb2f56a5","2025-04-09T12:43:21Z","2025-04-09T12:43:21Z","d50ecbb2-6384-4cad-a7f8-ae0d593a971e","15th Texas","Monica De La Cruz (R)","1400 South Main Street, Suite 316, McAllen, Texas 78501","R"
,"325419e7-5ad1-44f7-b3b5-b46a106fb784","2025-04-09T12:43:21Z","2025-04-09T12:43:21Z","d50ecbb2-6384-4cad-a7f8-ae0d593a971e","16th Texas","Veronica Escobar (D)","221 North Kansas Street, Suite 1500, El Paso, Texas 79901","D"
,"5f89b153-9d40-4119-89e4-a0caf33f07d0","2025-04-09T12:43:21Z","2025-04-09T12:43:21Z","d50ecbb2-6384-4cad-a7f8-ae0d593a971e","17th Texas","Pete Sessions (R)","400 Austin Avenue, Suite 302, Waco, Texas 76701","R"
,"04740fae-e97a-4fb8-a9d0-fc738b319fb8","2025-04-09T12:43:21Z","2025-04-09T12:43:21Z","d50ecbb2-6384-4cad-a7f8-ae0d593a971e","18th Texas","Sheila Jackson Lee (D)","4300 Lyons Avenue, Suite 200, Houston, Texas 77020","D"
,"1f47d28b-6c54-4ce0-abe3-6133b6a23838","2025-04-09T12:43:21Z","2025-04-09T12:43:21Z","d50ecbb2-6384-4cad-a7f8-ae0d593a971e","19th Texas","Jodey Arrington (R)","1312 Texas Avenue, Suite 206, Lubbock, Texas 79401","R"
,"f0009f99-5f13-45c7-b245-043cba4cb178","2025-04-09T12:43:21Z","2025-04-09T12:43:21Z","d50ecbb2-6384-4cad-a7f8-ae0d593a971e","20th Texas","Joaquin Castro (D)","727 East César E. Chávez Boulevard, Suite B-128, San Antonio, Texas 78206","D"
,"8f74a849-3815-4354-b018-9628294d550a","2025-04-09T12:43:21Z","2025-04-09T12:43:21Z","d50ecbb2-6384-4cad-a7f8-ae0d593a971e","21st Texas","Chip Roy (R)","5900 Southwest Parkway, Building 1, Suite 221, Austin, Texas 78735","R"
,"a27904fd-26a8-4269-9135-1d69cdfd5708","2025-04-09T12:43:21Z","2025-04-09T12:43:21Z","d50ecbb2-6384-4cad-a7f8-ae0d593a971e","22nd Texas","Troy Nehls (R)","22333 Grand Corner Drive, Suite 150, Katy, Texas 77494","R"
,"330fdb99-37e2-408d-8679-10adf54ec57a","2025-04-09T12:43:21Z","2025-04-09T12:43:21Z","d50ecbb2-6384-4cad-a7f8-ae0d593a971e","23rd Texas","Tony Gonzales (R)","173 South Rio Grande Avenue, Eagle Pass, Texas 78852","R"
,"a59ef18d-13d3-4095-ab0c-cd0412767a88","2025-04-09T12:43:21Z","2025-04-09T12:43:21Z","d50ecbb2-6384-4cad-a7f8-ae0d593a971e","24th Texas","Beth Van Duyne (R)","6531 Horizon Road, Suite A, Heath, Texas 75032","R"
,"6c8b5d68-9106-4064-bb20-1498f51937e6","2025-04-09T12:43:21Z","2025-04-09T12:43:21Z","d50ecbb2-6384-4cad-a7f8-ae0d593a971e","25th Texas","Roger Williams (R)","1005 Congress Avenue, Suite 925, Austin, Texas 78701","R"
,"a7ed9ab6-23a6-4b98-ac31-5b48effedcde","2025-04-09T12:43:21Z","2025-04-09T12:43:21Z","d50ecbb2-6384-4cad-a7f8-ae0d593a971e","26th Texas","Michael Burgess (R)","2000 South Stemmons Freeway, Suite 200, Lake Dallas, Texas 75065","R"
,"2c84fb1a-c751-4d69-95f9-0f894c06f62d","2025-04-09T12:43:21Z","2025-04-09T12:43:21Z","d50ecbb2-6384-4cad-a7f8-ae0d593a971e","27th Texas","Michael Cloud (R)","5606 North Navarro Street, Suite 203, Victoria, Texas 77904","R"
,"b4cb8b08-1524-47d5-82bc-0d88fffeb6cc","2025-04-09T12:43:21Z","2025-04-09T12:43:21Z","d50ecbb2-6384-4cad-a7f8-ae0d593a971e","28th Texas","Henry Cuellar (D)","602 East Calton Road, Suite 2, Laredo, Texas 78041","D"
,"5f967860-e0cc-419d-9572-c4c52e7c8a0a","2025-04-09T12:43:21Z","2025-04-09T12:43:21Z","d50ecbb2-6384-4cad-a7f8-ae0d593a971e","29th Texas","Sylvia Garcia (D)","11811 I-10 East, Suite 430, Houston, Texas 77029","D"
,"4f6574e5-8e8b-4911-948d-167ddf1907c0","2025-04-09T12:43:21Z","2025-04-09T12:43:21Z","d50ecbb2-6384-4cad-a7f8-ae0d593a971e","30th Texas","Jasmine Crockett (D)","1825 Market Center Boulevard, Suite 440, Dallas, Texas 75207","D"
,"65fa82c2-1ba4-445d-9540-4402b560146e","2025-04-09T12:43:21Z","2025-04-09T12:43:21Z","d50ecbb2-6384-4cad-a7f8-ae0d593a971e","31st Texas","John Carter (R)","1717 North IH 35, Suite 303, Round Rock, Texas 78664","R"
,"df51b8d8-52c9-4097-a8ce-07a5543f944f","2025-04-09T12:53:08Z","2025-04-09T12:53:08Z","d50ecbb2-6384-4cad-a7f8-ae0d593a971e","32nd Texas","Colin Allred (D)","100 North Central Expressway, Suite 1160, Richardson, Texas 75080","D"
,"b28fbc6d-cf3d-4bf1-a8d8-8d0bfaf40460","2025-04-09T12:53:08Z","2025-04-09T12:53:08Z","d50ecbb2-6384-4cad-a7f8-ae0d593a971e","33rd Texas","Marc Veasey (D)","6707 Brentwood Stair Road, Suite 100, Fort Worth, Texas 76112","D"
,"847780c1-653d-4c1a-804c-5c7adc96f54a","2025-04-09T12:53:08Z","2025-04-09T12:53:08Z","d50ecbb2-6384-4cad-a7f8-ae0d593a971e","34th Texas","Vicente Gonzalez (D)","1305 North Shoreline Boulevard, Suite 218, Corpus Christi, Texas 78401","D"
,"bd8e146b-e50f-4f41-b208-0dd3ab538c13","2025-04-09T12:53:08Z","2025-04-09T12:53:08Z","d50ecbb2-6384-4cad-a7f8-ae0d593a971e","35th Texas","Greg Casar (D)","2001 South 1st Street, Suite 211, Austin, Texas 78704","D"
,"da1b23e6-374f-4e07-87b4-2bdaf79ce305","2025-04-09T12:53:08Z","2025-04-09T12:53:08Z","d50ecbb2-6384-4cad-a7f8-ae0d593a971e","36th Texas","Brian Babin (R)","420 Green Avenue North, Suite 104, Orange, Texas 77630","R"
,"e707d4dd-02ee-403b-ab4f-643d32f2edf9","2025-04-09T12:53:08Z","2025-04-09T12:53:08Z","d50ecbb2-6384-4cad-a7f8-ae0d593a971e","37th Texas","Lloyd Doggett (D)","300 East 8th Street, Suite 763, Austin, Texas 78701","D"
,"a48d2611-91b1-4a4c-95aa-61fec7754777","2025-04-09T12:53:08Z","2025-04-09T12:53:08Z","d50ecbb2-6384-4cad-a7f8-ae0d593a971e","38th Texas","Wesley Hunt (R)","13105 Northwest Freeway, Suite 320, Houston, Texas 77040","R"
,"5203ea01-f751-4a15-b13b-00b010726ecb","2025-04-09T12:53:08Z","2025-04-09T12:53:08Z","d50ecbb2-6384-4cad-a7f8-ae0d593a971e","1st Utah","Blake Moore (R)","33 South Main Street, Suite 4, Brigham City, Utah 84302","R"
,"157ebd8b-9052-46c0-a233-4a7c80d926b5","2025-04-09T12:53:08Z","2025-04-09T12:53:08Z","d50ecbb2-6384-4cad-a7f8-ae0d593a971e","2nd Utah","Celeste Maloy (R)","321 North Mall Drive, Suite R300, St. George, Utah 84790","R"
,"10b87271-798a-4b12-aea7-2ddc0b4a968e","2025-04-09T12:53:08Z","2025-04-09T12:53:08Z","d50ecbb2-6384-4cad-a7f8-ae0d593a971e","3rd Utah","John Curtis (R)","51 South University Avenue, Suite 318, Provo, Utah 84601","R"
,"4414fd38-62d1-4971-a688-6031e874ab49","2025-04-09T12:53:08Z","2025-04-09T12:53:08Z","d50ecbb2-6384-4cad-a7f8-ae0d593a971e","4th Utah","Burgess Owens (R)","9067 South 1300 West, Suite 101, West Jordan, Utah 84088","R"
,"adacf6d7-3705-4006-81ce-04dbad5e1ecf","2025-04-09T12:53:08Z","2025-04-09T12:53:08Z","d50ecbb2-6384-4cad-a7f8-ae0d593a971e","Vermont","Becca Balint (D-AL)","67 Main Street, Burlington, Vermont 05401","D"
,"0cfe9935-6dd6-4aa5-a576-46c5fbb908f3","2025-04-09T12:53:08Z","2025-04-09T12:53:08Z","d50ecbb2-6384-4cad-a7f8-ae0d593a971e","U.S. Virgin Islands","Stacey Plaskett (D-AL)","2107 Company Street, Christiansted, U.S. Virgin Islands 00820","D"
,"5c838553-ec17-4917-9ff9-c95a4b5bd446","2025-04-09T12:53:08Z","2025-04-09T12:53:08Z","d50ecbb2-6384-4cad-a7f8-ae0d593a971e","1st Virginia","Rob Wittman (R)","401 Main Street, Tappahannock, Virginia 22560","R"
,"09ddf3ad-005f-41f2-a3ca-c9ed0559c963","2025-04-09T12:53:08Z","2025-04-09T12:53:08Z","d50ecbb2-6384-4cad-a7f8-ae0d593a971e","2nd Virginia","Jen Kiggans (R)","4772 Euclid Road, Suite E, Virginia Beach, Virginia 23462","R"
,"ffce0776-4b5f-427a-bb67-9e46a246b19a","2025-04-09T12:53:08Z","2025-04-09T12:53:08Z","d50ecbb2-6384-4cad-a7f8-ae0d593a971e","3rd Virginia","Bobby Scott (D)","2600 Washington Avenue, Suite 1010, Newport News, Virginia 23607","D"
,"e3c91869-89c0-4852-9d76-46f965808656","2025-04-09T12:53:08Z","2025-04-09T12:53:08Z","d50ecbb2-6384-4cad-a7f8-ae0d593a971e","4th Virginia","Jennifer McClellan (D)","400 North 8th Street, Suite 430, Richmond, Virginia 23219","D"
,"dbbc520e-b151-47b4-89e4-6ac4c7ebbdfb","2025-04-09T12:53:08Z","2025-04-09T12:53:08Z","d50ecbb2-6384-4cad-a7f8-ae0d593a971e","5th Virginia","Bob Good (R)","515 Radford Street, Christiansburg, Virginia 24073","R"
,"992aafe8-8261-46e9-b42d-75ef97d66d23","2025-04-09T12:53:08Z","2025-04-09T12:53:08Z","d50ecbb2-6384-4cad-a7f8-ae0d593a971e","6th Virginia","Ben Cline (R)","916 Main Street, Suite 300, Lynchburg, Virginia 24504","R"
,"9e2f2d51-e1d9-47df-8992-60248d229410","2025-04-09T12:53:08Z","2025-04-09T12:53:08Z","d50ecbb2-6384-4cad-a7f8-ae0d593a971e","7th Virginia","Abigail Spanberger (D)","4201 Dominion Boulevard, Suite 110, Glen Allen, Virginia 23060","D"
,"cbc99134-e253-4fa8-8d2a-ea2250283b4f","2025-04-09T12:53:08Z","2025-04-09T12:53:08Z","d50ecbb2-6384-4cad-a7f8-ae0d593a971e","8th Virginia","Don Beyer (D)","5285 Shawnee Road, Suite 250, Alexandria, Virginia 22312","D"
,"68b04807-d09c-41c9-97e7-6bbe5ece2e24","2025-04-09T12:53:08Z","2025-04-09T12:53:08Z","d50ecbb2-6384-4cad-a7f8-ae0d593a971e","9th Virginia","Morgan Griffith (R)","323 West Main Street, Abingdon, Virginia 24210","R"
,"6974cb80-d885-451e-b31e-feca6146d5b3","2025-04-09T12:53:08Z","2025-04-09T12:53:08Z","d50ecbb2-6384-4cad-a7f8-ae0d593a971e","10th Virginia","Jennifer Wexton (D)","21430 Cedar Drive, Suite 218, Sterling, Virginia 20164","D"
,"520b0283-3474-415a-b7af-0d479b72cb73","2025-04-09T12:53:08Z","2025-04-09T12:53:08Z","d50ecbb2-6384-4cad-a7f8-ae0d593a971e","11th Virginia","Gerry Connolly (D)","4115 Annandale Road, Suite 103, Annandale, Virginia 22003","D"
,"c7970e5a-5af3-46a9-b922-84fbac33dc22","2025-04-09T12:53:08Z","2025-04-09T12:53:08Z","d50ecbb2-6384-4cad-a7f8-ae0d593a971e","1st Washington","Suzan DelBene (D)","22121 17th Avenue SE, Building E, Suite 220, Bothell, Washington 98021","D"
,"39a31ea7-f32a-47a6-a1dd-c402b5ace6fe","2025-04-09T12:53:08Z","2025-04-09T12:53:08Z","d50ecbb2-6384-4cad-a7f8-ae0d593a971e","2nd Washington","Rick Larsen (D)","2930 Wetmore Avenue, Suite 9F, Everett, Washington 98201","D"
,"88e37654-11fe-4242-b0c7-47bef24b60f8","2025-04-09T12:53:08Z","2025-04-09T12:53:08Z","d50ecbb2-6384-4cad-a7f8-ae0d593a971e","3rd Washington","Marie Gluesenkamp Perez (D)","750 Anderson Street, Suite B, Vancouver, Washington 98661","D"
,"a8761669-b7bd-4b1f-a477-2080cffef4c6","2025-04-09T12:53:08Z","2025-04-09T12:53:08Z","d50ecbb2-6384-4cad-a7f8-ae0d593a971e","4th Washington","Dan Newhouse (R)","3100 George Washington Way, Suite 135, Richland, Washington 99354","R"
,"6e5cea37-797e-4ebb-a885-1774d34da651","2025-04-09T12:53:08Z","2025-04-09T12:53:08Z","d50ecbb2-6384-4cad-a7f8-ae0d593a971e","5th Washington","Cathy McMorris Rodgers (R)","10 North Post Street, Suite 625, Spokane, Washington 99201","R"
,"7cdad20e-60fd-45e8-a337-7dbfcdbf3190","2025-04-09T12:53:08Z","2025-04-09T12:53:08Z","d50ecbb2-6384-4cad-a7f8-ae0d593a971e","6th Washington","Derek Kilmer (D)","950 Pacific Avenue, Suite 1150, Tacoma, Washington 98402","D"
,"df7413cc-cd4d-4f9f-85f6-1ddf720d4ee2","2025-04-09T12:53:08Z","2025-04-09T12:53:08Z","d50ecbb2-6384-4cad-a7f8-ae0d593a971e","7th Washington","Pramila Jayapal (D)","1904 3rd Avenue, Suite 510, Seattle, Washington 98101","D"
,"9a3e15bf-a6c4-459e-ab85-8fb44360f29c","2025-04-09T12:53:08Z","2025-04-09T12:53:08Z","d50ecbb2-6384-4cad-a7f8-ae0d593a971e","8th Washington","Kim Schrier (D)","801 Kirkland Avenue, Suite 202, Kirkland, Washington 98033","D"
,"4fbdf0c8-6c92-4a7e-b13e-21357e33e689","2025-04-09T12:53:08Z","2025-04-09T12:53:08Z","d50ecbb2-6384-4cad-a7f8-ae0d593a971e","9th Washington","Adam Smith (D)","15 South Grady Way, Suite 101, Renton, Washington 98057","D"
,"e2a0feda-44e2-4a2e-9f66-1c4096574f59","2025-04-09T12:53:08Z","2025-04-09T12:53:08Z","d50ecbb2-6384-4cad-a7f8-ae0d593a971e","10th Washington","Beth Doglio (D)","420 College Street SE, Suite 3000, Lacey, Washington 98503","D"
,"4e9e8d36-05e8-4a2e-b7e8-97968c6fadb9","2025-04-09T12:53:08Z","2025-04-09T12:53:08Z","d50ecbb2-6384-4cad-a7f8-ae0d593a971e","1st West Virginia","Carol Miller (R)","900 Third Avenue, Huntington, West Virginia 25701","R"
,"9e8d9b7e-05ea-4c4e-8689-1e205426c819","2025-04-09T12:53:08Z","2025-04-09T12:53:08Z","d50ecbb2-6384-4cad-a7f8-ae0d593a971e","2nd West Virginia","Alex Mooney (R)","217 West King Street, Martinsburg, West Virginia 25401","R"
,"a8b1feda-6f9a-4e8e-9b7e-879e8c6fadb9","2025-04-09T12:53:08Z","2025-04-09T12:53:08Z","d50ecbb2-6384-4cad-a7f8-ae0d593a971e","1st Wisconsin","Bryan Steil (R)","20 South Main Street, Suite 10, Janesville, Wisconsin 53545","R"
,"e9feda-44e2-4a2e-9f66-1c4096574f59","2025-04-09T12:53:08Z","2025-04-09T12:53:08Z","d50ecbb2-6384-4cad-a7f8-ae0d593a971e","2nd Wisconsin","Mark Pocan (D)","10 East Doty Street, Suite 405, Madison, Wisconsin 53703","D"
,"6f9a4e8e-9b7e-879e-8c6f-adb9a8b1feda","2025-04-09T12:53:08Z","2025-04-09T12:53:08Z","d50ecbb2-6384-4cad-a7f8-ae0d593a971e","3rd Wisconsin","Derrick Van Orden (R)","205 5th Avenue South, Suite 400, La Crosse, Wisconsin 54601","R"
,"4a2e9f66-1c40-9657-4f59-e2a0feda44e2","2025-04-09T12:53:08Z","2025-04-09T12:53:08Z","d50ecbb2-6384-4cad-a7f8-ae0d593a971e","4th Wisconsin","Gwen Moore (D)","316 North Milwaukee Street, Suite 406, Milwaukee, Wisconsin 53202","D"
,"05ea4c4e-8689-1e20-5426-c8199e8d9b7e","2025-04-09T12:53:08Z","2025-04-09T12:53:08Z","d50ecbb2-6384-4cad-a7f8-ae0d593a971e","5th Wisconsin","Scott Fitzgerald (R)","120 Bishops Way, Room 154, Brookfield, Wisconsin 53005","R"
,"6c92-4a7e-b13e-2135-7e33-e6894fbdf0c8","2025-04-09T12:53:08Z","2025-04-09T12:53:08Z","d50ecbb2-6384-4cad-a7f8-ae0d593a971e","6th Wisconsin","Glenn Grothman (R)","24 West Pioneer Road, Fond du Lac, Wisconsin 54935","R"
,"879e-8c6f-adb9-a8b1-feda6f9a4e8e","2025-04-09T12:53:08Z","2025-04-09T12:53:08Z","d50ecbb2-6384-4cad-a7f8-ae0d593a971e","7th Wisconsin","Tom Tiffany (R)","2620 Stewart Avenue, Suite 312, Wausau, Wisconsin 54401","R"
,"1c40-9657-4f59-e2a0-feda44e24a2e","2025-04-09T12:53:08Z","2025-04-09T12:53:08Z","d50ecbb2-6384-4cad-a7f8-ae0d593a971e","8th Wisconsin","Mike Gallagher (R)","333 West College Avenue, Appleton, Wisconsin 54911","R"
,"8689-1e20-5426-c819-9e8d9b7e05ea","2025-04-09T12:53:08Z","2025-04-09T12:53:08Z","d50ecbb2-6384-4cad-a7f8-ae0d593a971e","Wyoming","Harriet Hageman (R-AL)","2120 Capitol Avenue, Suite 8005, Cheyenne, Wyoming 82001","R"